Video,Category,Start_s,End_s,Status,Notes
"00194DVD.mp4","nature","0.5","6.5","PASS",""
"00216DVD.mp4","nature","12.479","18.479","PASS",""
"00287DVD.mp4","nature","20.787","26.787","PASS",""
"00408DVD.mp4","nature","12.412","18.412","PASS",""
"00423DVD.mp4","nature","0.5","6.5","PASS",""
"00429DVD.mp4","nature","1.368","7.368","PASS",""
"00441DVD.mp4","nature","0.5","6.5","PASS",""
"00537DVD.mp4","nature","12.245","18.245","PASS",""
"00605DVD.mp4","nature","13.146","19.146","PASS",""
"00654DVD.mp4","nature","13.046","19.046","PASS",""
"00787DVD.mp4","nature","0.5","6.5","PASS",""
"00803DVD.mp4","nature","0.5","6.5","PASS",""
"00843DVD.mp4","nature","6.973","12.973","PASS",""
"00892DVD.mp4","nature","11.611","17.611","PASS",""
"00893DVD.mp4","nature","0.5","6.5","PASS",""
"00916DVD.mp4","nature","5.405","11.405","PASS",""
"01001DVD.mp4","nature","0.5","6.5","PASS",""
"01486DVD.mp4","nature","13.813","19.813","PASS",""
"foraging03DVD.mp4","social","0.5","6.5","PASS","manual replacement for foraging02DVD.mp4; visually reviewed"
"foraging06DVD.mp4","social","0.5","6.5","PASS",""
"foraging08DVD.mp4","social","15.515","21.515","PASS",""
"foraging11DVD.mp4","social","0.5","6.5","PASS",""
"foraging16DVD.mp4","social","0.5","6.5","PASS",""
"foraging19DVD.mp4","social","0.5","6.5","PASS",""
"foraging33DVD.mp4","social","0.5","6.5","PASS",""
"foraging34DVD.mp4","social","10.543","16.543","PASS",""
"grooming12DVD.mp4","social","0.5","6.5","PASS",""
"grooming17DVD.mp4","social","0.5","6.5","PASS",""
"grooming19DVD.mp4","social","0.5","6.5","PASS",""
"grooming28DVD.mp4","social","0.5","6.5","PASS",""
"grooming45DVD.mp4","social","23.023","29.023","PASS",""
"nonspecificSocial24DVD.mp4","social","0.5","6.5","PASS",""
"nonspecificSocial39DVD.mp4","social","0.5","6.5","PASS",""
"play22DVD.mp4","social","0.5","6.5","PASS",""
"play33DVD.mp4","social","23.023","29.023","PASS",""
"play34DVD.mp4","social","15.348","21.348","PASS",""
