Epoch,TrialInEpoch,TrialNum,Condition,PairID,PairRepetition,VideoA,VideoB,CategoryA,CategoryB,StartA_s,StartB_s
1,1,1,SS,SS_01,1,grooming28DVD.mp4,grooming17DVD.mp4,social,social,0.5,0.5
1,2,2,SS,SS_02,1,foraging33DVD.mp4,foraging03DVD.mp4,social,social,0.5,0.5
1,3,3,NS,NS_01,1,01486DVD.mp4,grooming19DVD.mp4,nature,social,13.813,0.5
1,4,4,NN,NN_01,1,00787DVD.mp4,00423DVD.mp4,nature,nature,0.5,0.5
1,5,5,NN,NN_02,1,00408DVD.mp4,01001DVD.mp4,nature,nature,12.412,0.5
1,6,6,NS,NS_02,1,00441DVD.mp4,nonspecificSocial39DVD.mp4,nature,social,0.5,0.5
1,7,7,NN,NN_03,1,00843DVD.mp4,00537DVD.mp4,nature,nature,6.973,12.245
1,8,8,NN,NN_04,1,00194DVD.mp4,00654DVD.mp4,nature,nature,0.5,13.046
1,9,9,NS,NS_03,1,00216DVD.mp4,foraging06DVD.mp4,nature,social,12.479,0.5
1,10,10,NS,NS_04,1,foraging11DVD.mp4,00287DVD.mp4,social,nature,0.5,20.787
1,11,11,SS,SS_03,1,nonspecificSocial24DVD.mp4,foraging34DVD.mp4,social,social,0.5,10.543
1,12,12,NN,NN_05,1,00892DVD.mp4,00916DVD.mp4,nature,nature,11.611,5.405
1,13,13,NS,NS_05,1,foraging19DVD.mp4,00429DVD.mp4,social,nature,0.5,1.368
1,14,14,SS,SS_04,1,foraging16DVD.mp4,grooming45DVD.mp4,social,social,0.5,23.023
1,15,15,NN,NN_06,1,00803DVD.mp4,00605DVD.mp4,nature,nature,0.5,13.146
1,16,16,SS,SS_05,1,foraging08DVD.mp4,play22DVD.mp4,social,social,15.515,0.5
1,17,17,SS,SS_06,1,play33DVD.mp4,grooming12DVD.mp4,social,social,23.023,0.5
1,18,18,NS,NS_06,1,play34DVD.mp4,00893DVD.mp4,social,nature,15.348,0.5
2,1,19,SS,SS_01,2,grooming28DVD.mp4,grooming17DVD.mp4,social,social,0.5,0.5
2,2,20,NS,NS_01,2,01486DVD.mp4,grooming19DVD.mp4,nature,social,13.813,0.5
2,3,21,SS,SS_02,2,foraging33DVD.mp4,foraging03DVD.mp4,social,social,0.5,0.5
2,4,22,NS,NS_02,2,00441DVD.mp4,nonspecificSocial39DVD.mp4,nature,social,0.5,0.5
2,5,23,NN,NN_01,2,00787DVD.mp4,00423DVD.mp4,nature,nature,0.5,0.5
2,6,24,SS,SS_03,2,nonspecificSocial24DVD.mp4,foraging34DVD.mp4,social,social,0.5,10.543
2,7,25,NS,NS_03,2,00216DVD.mp4,foraging06DVD.mp4,nature,social,12.479,0.5
2,8,26,NN,NN_02,2,00408DVD.mp4,01001DVD.mp4,nature,nature,12.412,0.5
2,9,27,NN,NN_03,2,00843DVD.mp4,00537DVD.mp4,nature,nature,6.973,12.245
2,10,28,NS,NS_04,2,foraging11DVD.mp4,00287DVD.mp4,social,nature,0.5,20.787
2,11,29,NN,NN_04,2,00194DVD.mp4,00654DVD.mp4,nature,nature,0.5,13.046
2,12,30,NN,NN_05,2,00892DVD.mp4,00916DVD.mp4,nature,nature,11.611,5.405
2,13,31,SS,SS_04,2,foraging16DVD.mp4,grooming45DVD.mp4,social,social,0.5,23.023
2,14,32,SS,SS_05,2,foraging08DVD.mp4,play22DVD.mp4,social,social,15.515,0.5
2,15,33,NN,NN_06,2,00803DVD.mp4,00605DVD.mp4,nature,nature,0.5,13.146
2,16,34,SS,SS_06,2,play33DVD.mp4,grooming12DVD.mp4,social,social,23.023,0.5
2,17,35,NS,NS_05,2,foraging19DVD.mp4,00429DVD.mp4,social,nature,0.5,1.368
2,18,36,NS,NS_06,2,play34DVD.mp4,00893DVD.mp4,social,nature,15.348,0.5
3,1,37,SS,SS_01,3,grooming28DVD.mp4,grooming17DVD.mp4,social,social,0.5,0.5
3,2,38,NN,NN_01,3,00787DVD.mp4,00423DVD.mp4,nature,nature,0.5,0.5
3,3,39,NS,NS_01,3,01486DVD.mp4,grooming19DVD.mp4,nature,social,13.813,0.5
3,4,40,SS,SS_02,3,foraging33DVD.mp4,foraging03DVD.mp4,social,social,0.5,0.5
3,5,41,NS,NS_02,3,00441DVD.mp4,nonspecificSocial39DVD.mp4,nature,social,0.5,0.5
3,6,42,SS,SS_03,3,nonspecificSocial24DVD.mp4,foraging34DVD.mp4,social,social,0.5,10.543
3,7,43,NS,NS_03,3,00216DVD.mp4,foraging06DVD.mp4,nature,social,12.479,0.5
3,8,44,NN,NN_02,3,00408DVD.mp4,01001DVD.mp4,nature,nature,12.412,0.5
3,9,45,NN,NN_03,3,00843DVD.mp4,00537DVD.mp4,nature,nature,6.973,12.245
3,10,46,SS,SS_04,3,foraging16DVD.mp4,grooming45DVD.mp4,social,social,0.5,23.023
3,11,47,SS,SS_05,3,foraging08DVD.mp4,play22DVD.mp4,social,social,15.515,0.5
3,12,48,NN,NN_04,3,00194DVD.mp4,00654DVD.mp4,nature,nature,0.5,13.046
3,13,49,NS,NS_04,3,foraging11DVD.mp4,00287DVD.mp4,social,nature,0.5,20.787
3,14,50,NN,NN_05,3,00892DVD.mp4,00916DVD.mp4,nature,nature,11.611,5.405
3,15,51,NS,NS_05,3,foraging19DVD.mp4,00429DVD.mp4,social,nature,0.5,1.368
3,16,52,SS,SS_06,3,play33DVD.mp4,grooming12DVD.mp4,social,social,23.023,0.5
3,17,53,NN,NN_06,3,00803DVD.mp4,00605DVD.mp4,nature,nature,0.5,13.146
3,18,54,NS,NS_06,3,play34DVD.mp4,00893DVD.mp4,social,nature,15.348,0.5
4,1,55,SS,SS_01,4,grooming28DVD.mp4,grooming17DVD.mp4,social,social,0.5,0.5
4,2,56,NN,NN_01,4,00787DVD.mp4,00423DVD.mp4,nature,nature,0.5,0.5
4,3,57,NN,NN_02,4,00408DVD.mp4,01001DVD.mp4,nature,nature,12.412,0.5
4,4,58,SS,SS_02,4,foraging33DVD.mp4,foraging03DVD.mp4,social,social,0.5,0.5
4,5,59,NS,NS_01,4,01486DVD.mp4,grooming19DVD.mp4,nature,social,13.813,0.5
4,6,60,SS,SS_03,4,nonspecificSocial24DVD.mp4,foraging34DVD.mp4,social,social,0.5,10.543
4,7,61,NS,NS_02,4,00441DVD.mp4,nonspecificSocial39DVD.mp4,nature,social,0.5,0.5
4,8,62,NS,NS_03,4,00216DVD.mp4,foraging06DVD.mp4,nature,social,12.479,0.5
4,9,63,SS,SS_04,4,foraging16DVD.mp4,grooming45DVD.mp4,social,social,0.5,23.023
4,10,64,SS,SS_05,4,foraging08DVD.mp4,play22DVD.mp4,social,social,15.515,0.5
4,11,65,NN,NN_03,4,00843DVD.mp4,00537DVD.mp4,nature,nature,6.973,12.245
4,12,66,SS,SS_06,4,play33DVD.mp4,grooming12DVD.mp4,social,social,23.023,0.5
4,13,67,NS,NS_04,4,foraging11DVD.mp4,00287DVD.mp4,social,nature,0.5,20.787
4,14,68,NN,NN_04,4,00194DVD.mp4,00654DVD.mp4,nature,nature,0.5,13.046
4,15,69,NS,NS_05,4,foraging19DVD.mp4,00429DVD.mp4,social,nature,0.5,1.368
4,16,70,NN,NN_05,4,00892DVD.mp4,00916DVD.mp4,nature,nature,11.611,5.405
4,17,71,NS,NS_06,4,play34DVD.mp4,00893DVD.mp4,social,nature,15.348,0.5
4,18,72,NN,NN_06,4,00803DVD.mp4,00605DVD.mp4,nature,nature,0.5,13.146
5,1,73,SS,SS_01,5,grooming28DVD.mp4,grooming17DVD.mp4,social,social,0.5,0.5
5,2,74,SS,SS_02,5,foraging33DVD.mp4,foraging03DVD.mp4,social,social,0.5,0.5
5,3,75,NS,NS_01,5,01486DVD.mp4,grooming19DVD.mp4,nature,social,13.813,0.5
5,4,76,SS,SS_03,5,nonspecificSocial24DVD.mp4,foraging34DVD.mp4,social,social,0.5,10.543
5,5,77,NN,NN_01,5,00787DVD.mp4,00423DVD.mp4,nature,nature,0.5,0.5
5,6,78,SS,SS_04,5,foraging16DVD.mp4,grooming45DVD.mp4,social,social,0.5,23.023
5,7,79,NS,NS_02,5,00441DVD.mp4,nonspecificSocial39DVD.mp4,nature,social,0.5,0.5
5,8,80,NS,NS_03,5,00216DVD.mp4,foraging06DVD.mp4,nature,social,12.479,0.5
5,9,81,NN,NN_02,5,00408DVD.mp4,01001DVD.mp4,nature,nature,12.412,0.5
5,10,82,NS,NS_04,5,foraging11DVD.mp4,00287DVD.mp4,social,nature,0.5,20.787
5,11,83,NN,NN_03,5,00843DVD.mp4,00537DVD.mp4,nature,nature,6.973,12.245
5,12,84,NS,NS_05,5,foraging19DVD.mp4,00429DVD.mp4,social,nature,0.5,1.368
5,13,85,NN,NN_04,5,00194DVD.mp4,00654DVD.mp4,nature,nature,0.5,13.046
5,14,86,SS,SS_05,5,foraging08DVD.mp4,play22DVD.mp4,social,social,15.515,0.5
5,15,87,SS,SS_06,5,play33DVD.mp4,grooming12DVD.mp4,social,social,23.023,0.5
5,16,88,NN,NN_05,5,00892DVD.mp4,00916DVD.mp4,nature,nature,11.611,5.405
5,17,89,NS,NS_06,5,play34DVD.mp4,00893DVD.mp4,social,nature,15.348,0.5
5,18,90,NN,NN_06,5,00803DVD.mp4,00605DVD.mp4,nature,nature,0.5,13.146
6,1,91,SS,SS_01,6,grooming28DVD.mp4,grooming17DVD.mp4,social,social,0.5,0.5
6,2,92,NN,NN_01,6,00787DVD.mp4,00423DVD.mp4,nature,nature,0.5,0.5
6,3,93,NS,NS_01,6,01486DVD.mp4,grooming19DVD.mp4,nature,social,13.813,0.5
6,4,94,SS,SS_02,6,foraging33DVD.mp4,foraging03DVD.mp4,social,social,0.5,0.5
6,5,95,SS,SS_03,6,nonspecificSocial24DVD.mp4,foraging34DVD.mp4,social,social,0.5,10.543
6,6,96,NN,NN_02,6,00408DVD.mp4,01001DVD.mp4,nature,nature,12.412,0.5
6,7,97,NS,NS_02,6,00441DVD.mp4,nonspecificSocial39DVD.mp4,nature,social,0.5,0.5
6,8,98,NS,NS_03,6,00216DVD.mp4,foraging06DVD.mp4,nature,social,12.479,0.5
6,9,99,NN,NN_03,6,00843DVD.mp4,00537DVD.mp4,nature,nature,6.973,12.245
6,10,100,NS,NS_04,6,foraging11DVD.mp4,00287DVD.mp4,social,nature,0.5,20.787
6,11,101,NN,NN_04,6,00194DVD.mp4,00654DVD.mp4,nature,nature,0.5,13.046
6,12,102,SS,SS_04,6,foraging16DVD.mp4,grooming45DVD.mp4,social,social,0.5,23.023
6,13,103,NN,NN_05,6,00892DVD.mp4,00916DVD.mp4,nature,nature,11.611,5.405
6,14,104,SS,SS_05,6,foraging08DVD.mp4,play22DVD.mp4,social,social,15.515,0.5
6,15,105,NS,NS_05,6,foraging19DVD.mp4,00429DVD.mp4,social,nature,0.5,1.368
6,16,106,NN,NN_06,6,00803DVD.mp4,00605DVD.mp4,nature,nature,0.5,13.146
6,17,107,SS,SS_06,6,play33DVD.mp4,grooming12DVD.mp4,social,social,23.023,0.5
6,18,108,NS,NS_06,6,play34DVD.mp4,00893DVD.mp4,social,nature,15.348,0.5
7,1,109,SS,SS_01,7,grooming28DVD.mp4,grooming17DVD.mp4,social,social,0.5,0.5
7,2,110,SS,SS_02,7,foraging33DVD.mp4,foraging03DVD.mp4,social,social,0.5,0.5
7,3,111,NN,NN_01,7,00787DVD.mp4,00423DVD.mp4,nature,nature,0.5,0.5
7,4,112,SS,SS_03,7,nonspecificSocial24DVD.mp4,foraging34DVD.mp4,social,social,0.5,10.543
7,5,113,NS,NS_01,7,01486DVD.mp4,grooming19DVD.mp4,nature,social,13.813,0.5
7,6,114,NN,NN_02,7,00408DVD.mp4,01001DVD.mp4,nature,nature,12.412,0.5
7,7,115,NS,NS_02,7,00441DVD.mp4,nonspecificSocial39DVD.mp4,nature,social,0.5,0.5
7,8,116,NS,NS_03,7,00216DVD.mp4,foraging06DVD.mp4,nature,social,12.479,0.5
7,9,117,SS,SS_04,7,foraging16DVD.mp4,grooming45DVD.mp4,social,social,0.5,23.023
7,10,118,NN,NN_03,7,00843DVD.mp4,00537DVD.mp4,nature,nature,6.973,12.245
7,11,119,NN,NN_04,7,00194DVD.mp4,00654DVD.mp4,nature,nature,0.5,13.046
7,12,120,SS,SS_05,7,foraging08DVD.mp4,play22DVD.mp4,social,social,15.515,0.5
7,13,121,NS,NS_04,7,foraging11DVD.mp4,00287DVD.mp4,social,nature,0.5,20.787
7,14,122,NS,NS_05,7,foraging19DVD.mp4,00429DVD.mp4,social,nature,0.5,1.368
7,15,123,SS,SS_06,7,play33DVD.mp4,grooming12DVD.mp4,social,social,23.023,0.5
7,16,124,NN,NN_05,7,00892DVD.mp4,00916DVD.mp4,nature,nature,11.611,5.405
7,17,125,NS,NS_06,7,play34DVD.mp4,00893DVD.mp4,social,nature,15.348,0.5
7,18,126,NN,NN_06,7,00803DVD.mp4,00605DVD.mp4,nature,nature,0.5,13.146
8,1,127,SS,SS_01,8,grooming28DVD.mp4,grooming17DVD.mp4,social,social,0.5,0.5
8,2,128,SS,SS_02,8,foraging33DVD.mp4,foraging03DVD.mp4,social,social,0.5,0.5
8,3,129,NS,NS_01,8,01486DVD.mp4,grooming19DVD.mp4,nature,social,13.813,0.5
8,4,130,SS,SS_03,8,nonspecificSocial24DVD.mp4,foraging34DVD.mp4,social,social,0.5,10.543
8,5,131,NN,NN_01,8,00787DVD.mp4,00423DVD.mp4,nature,nature,0.5,0.5
8,6,132,NN,NN_02,8,00408DVD.mp4,01001DVD.mp4,nature,nature,12.412,0.5
8,7,133,SS,SS_04,8,foraging16DVD.mp4,grooming45DVD.mp4,social,social,0.5,23.023
8,8,134,NS,NS_02,8,00441DVD.mp4,nonspecificSocial39DVD.mp4,nature,social,0.5,0.5
8,9,135,NS,NS_03,8,00216DVD.mp4,foraging06DVD.mp4,nature,social,12.479,0.5
8,10,136,NN,NN_03,8,00843DVD.mp4,00537DVD.mp4,nature,nature,6.973,12.245
8,11,137,NN,NN_04,8,00194DVD.mp4,00654DVD.mp4,nature,nature,0.5,13.046
8,12,138,NS,NS_04,8,foraging11DVD.mp4,00287DVD.mp4,social,nature,0.5,20.787
8,13,139,SS,SS_05,8,foraging08DVD.mp4,play22DVD.mp4,social,social,15.515,0.5
8,14,140,NS,NS_05,8,foraging19DVD.mp4,00429DVD.mp4,social,nature,0.5,1.368
8,15,141,SS,SS_06,8,play33DVD.mp4,grooming12DVD.mp4,social,social,23.023,0.5
8,16,142,NS,NS_06,8,play34DVD.mp4,00893DVD.mp4,social,nature,15.348,0.5
8,17,143,NN,NN_05,8,00892DVD.mp4,00916DVD.mp4,nature,nature,11.611,5.405
8,18,144,NN,NN_06,8,00803DVD.mp4,00605DVD.mp4,nature,nature,0.5,13.146
9,1,145,NS,NS_01,9,01486DVD.mp4,grooming19DVD.mp4,nature,social,13.813,0.5
9,2,146,SS,SS_01,9,grooming28DVD.mp4,grooming17DVD.mp4,social,social,0.5,0.5
9,3,147,NN,NN_01,9,00787DVD.mp4,00423DVD.mp4,nature,nature,0.5,0.5
9,4,148,NN,NN_02,9,00408DVD.mp4,01001DVD.mp4,nature,nature,12.412,0.5
9,5,149,SS,SS_02,9,foraging33DVD.mp4,foraging03DVD.mp4,social,social,0.5,0.5
9,6,150,SS,SS_03,9,nonspecificSocial24DVD.mp4,foraging34DVD.mp4,social,social,0.5,10.543
9,7,151,NN,NN_03,9,00843DVD.mp4,00537DVD.mp4,nature,nature,6.973,12.245
9,8,152,NS,NS_02,9,00441DVD.mp4,nonspecificSocial39DVD.mp4,nature,social,0.5,0.5
9,9,153,NN,NN_04,9,00194DVD.mp4,00654DVD.mp4,nature,nature,0.5,13.046
9,10,154,NN,NN_05,9,00892DVD.mp4,00916DVD.mp4,nature,nature,11.611,5.405
9,11,155,SS,SS_04,9,foraging16DVD.mp4,grooming45DVD.mp4,social,social,0.5,23.023
9,12,156,NS,NS_03,9,00216DVD.mp4,foraging06DVD.mp4,nature,social,12.479,0.5
9,13,157,NN,NN_06,9,00803DVD.mp4,00605DVD.mp4,nature,nature,0.5,13.146
9,14,158,NS,NS_04,9,foraging11DVD.mp4,00287DVD.mp4,social,nature,0.5,20.787
9,15,159,NS,NS_05,9,foraging19DVD.mp4,00429DVD.mp4,social,nature,0.5,1.368
9,16,160,SS,SS_05,9,foraging08DVD.mp4,play22DVD.mp4,social,social,15.515,0.5
9,17,161,SS,SS_06,9,play33DVD.mp4,grooming12DVD.mp4,social,social,23.023,0.5
9,18,162,NS,NS_06,9,play34DVD.mp4,00893DVD.mp4,social,nature,15.348,0.5
10,1,163,SS,SS_01,10,grooming28DVD.mp4,grooming17DVD.mp4,social,social,0.5,0.5
10,2,164,NS,NS_01,10,01486DVD.mp4,grooming19DVD.mp4,nature,social,13.813,0.5
10,3,165,SS,SS_02,10,foraging33DVD.mp4,foraging03DVD.mp4,social,social,0.5,0.5
10,4,166,NS,NS_02,10,00441DVD.mp4,nonspecificSocial39DVD.mp4,nature,social,0.5,0.5
10,5,167,NS,NS_03,10,00216DVD.mp4,foraging06DVD.mp4,nature,social,12.479,0.5
10,6,168,SS,SS_03,10,nonspecificSocial24DVD.mp4,foraging34DVD.mp4,social,social,0.5,10.543
10,7,169,SS,SS_04,10,foraging16DVD.mp4,grooming45DVD.mp4,social,social,0.5,23.023
10,8,170,NN,NN_01,10,00787DVD.mp4,00423DVD.mp4,nature,nature,0.5,0.5
10,9,171,NS,NS_04,10,foraging11DVD.mp4,00287DVD.mp4,social,nature,0.5,20.787
10,10,172,NS,NS_05,10,foraging19DVD.mp4,00429DVD.mp4,social,nature,0.5,1.368
10,11,173,NN,NN_02,10,00408DVD.mp4,01001DVD.mp4,nature,nature,12.412,0.5
10,12,174,SS,SS_05,10,foraging08DVD.mp4,play22DVD.mp4,social,social,15.515,0.5
10,13,175,NS,NS_06,10,play34DVD.mp4,00893DVD.mp4,social,nature,15.348,0.5
10,14,176,NN,NN_03,10,00843DVD.mp4,00537DVD.mp4,nature,nature,6.973,12.245
10,15,177,NN,NN_04,10,00194DVD.mp4,00654DVD.mp4,nature,nature,0.5,13.046
10,16,178,SS,SS_06,10,play33DVD.mp4,grooming12DVD.mp4,social,social,23.023,0.5
10,17,179,NN,NN_05,10,00892DVD.mp4,00916DVD.mp4,nature,nature,11.611,5.405
10,18,180,NN,NN_06,10,00803DVD.mp4,00605DVD.mp4,nature,nature,0.5,13.146
