filename,keyframes,scene_cuts,scene_scores
00181DVD.mp4,0.000;8.342;14.548;22.890;25.225,14.548;25.225,0.437;0.286
00182DVD.mp4,0.000;1.502;2.870;5.505;6.540;7.407;10.777;12.045;14.681;17.618;20.354;23.423,,
00189DVD.mp4,0.000;4.137;12.279;18.285;23.624,4.137;18.252;23.624,0.193;0.169;0.201
00191DVD.mp4,0.000;6.506;14.848;23.190;25.125,,
00192DVD.mp4,0.000;3.871;8.842;13.647;21.488;26.560,3.837;8.842;13.647;21.488;26.560,0.152;0.156;0.203;0.207;0.210
00194DVD.mp4,0.000;8.342;13.814;14.681;16.550;17.618;25.959,,
00202DVD.mp4,0.000;8.342;16.683;22.789,23.123,0.170
00204DVD.mp4,0.000;7.274;15.616;21.088;29.429,7.274;21.054,0.269;0.182
00205DVD.mp4,0.000;3.237;11.578;12.412;20.754;27.094,27.094,0.188
00211DVD.mp4,0.000;8.342;14.414;22.756;23.891;27.394,9.042;23.891;27.394,0.409;0.186;0.175
00212DVD.mp4,0.000;2.302;9.576;14.915;20.020;24.691,2.302;9.576;14.882;20.020;24.691,0.174;0.347;0.153;0.280;0.237
00216DVD.mp4,0.000;4.004;11.979;20.320;23.857,,
00221DVD.mp4,0.000;0.934;6.306;14.348;16.683;22.956;27.060,0.901;6.306;14.348;22.956;27.027,0.200;0.276;0.212;0.197;0.224
00224DVD.mp4,0.000;3.670;10.577;13.280;21.622;25.158,13.280;25.158,0.168;0.194
00225DVD.mp4,0.000;1.568;8.876;10.477;16.483;21.088;27.361,1.568;10.477;16.483;21.088,0.193;0.205;0.407;0.177
00229DVD.mp4,0.000;4.638;12.980;17.084;21.655;23.223;24.391,24.858,0.208
00230DVD.mp4,0.000;8.342;16.683;25.025,,
00232DVD.mp4,0.000;7.374;13.747;22.089;23.023,7.374;13.714;22.990,0.164;0.243;0.217
00233DVD.mp4,0.000;6.573;13.313;20.687;27.127;29.796,6.540,0.169
00237DVD.mp4,0.000;6.373;8.575;12.446;13.514;18.118;22.322;24.424,6.373;13.480,0.311;0.164
00238DVD.mp4,0.000;2.169;9.109;17.451;25.792;26.894,,
00256DVD.mp4,0.000;5.372;13.714;22.055;24.725,14.481;24.725,0.280;0.278
00261DVD.mp4,0.000;5.372;12.412;20.754;27.227;28.896,28.862,0.215
00262DVD.mp4,0.000;6.073;13.981;18.785;22.856;27.861,13.981;27.861,0.214;0.199
00265DVD.mp4,0.000;8.342;16.683;23.156,17.184;23.123,0.331;0.265
00276DVD.mp4,0.000;3.503;8.542;15.616;19.486;23.390;27.861,8.508;15.616;19.486,0.156;0.184;0.287
00287DVD.mp4,0.000;8.342;16.683;20.287;28.629,0.634,0.266
00288DVD.mp4,0.000;7.741;16.083;24.424,7.741,0.451
00291DVD.mp4,0.000;8.342;14.781;23.123;25.492,14.748;25.492,0.190;0.178
00293DVD.mp4,0.000;8.342;14.915;19.486;27.427,8.642,0.230
00295DVD.mp4,0.000;4.371;12.713;21.054;24.925,4.371;24.925,0.380;0.299
00297DVD.mp4,0.000;8.342;14.248;22.589;25.392,14.214;25.392,0.252;0.476
00301DVD.mp4,0.000;4.004;5.873;6.874;9.776;18.118;22.389,22.389,0.157
00303DVD.mp4,0.000;8.342;16.683;20.754;29.096,0.634;20.754,0.213;0.426
00318DVD.mp4,0.000;8.342;16.683;25.025;27.060,8.675;27.027,0.423;0.162
00319DVD.mp4,0.000;7.407;15.749;17.951;26.293;27.294,17.951;27.261,0.349;0.194
00322DVD.mp4,0.000;8.342;15.015;23.357,,
00330DVD.mp4,0.000;4.671;13.013;21.321;28.862,,
00331DVD.mp4,0.000;6.473;14.114;20.921;28.028,20.888;28.028,0.163;0.194
00332DVD.mp4,0.000;3.837;12.179;16.683;23.857,3.837;16.683;23.824,0.486;0.257;0.223
00333DVD.mp4,0.000;8.342;15.983;22.556;27.694,15.949;22.556;27.594,0.187;0.259;0.209
00334DVD.mp4,0.000;1.535;5.672;11.245;14.548;19.486;26.326,5.639;11.245;14.514;14.548;19.486;26.326,0.366;0.508;0.319;0.166;0.392;0.364
00335DVD.mp4,0.000;4.605;8.642;16.984;22.523,4.605;22.523,0.217;0.408
00336DVD.mp4,0.000;4.872;13.213;16.483;19.553;21.688,4.872,0.477
00337DVD.mp4,0.000;0.868;2.002;5.939;8.775;10.878,,
00346DVD.mp4,0.000;2.369;7.407;9.443;13.780,7.407,0.212
00350DVD.mp4,0.000;5.005,5.005,0.310
00353DVD.mp4,0.000;0.901;1.902;2.903;6.306,0.033,0.210
00364DVD.mp4,0.000;1.702;6.240,6.206,0.250
00382DVD.mp4,0.000;8.342;16.683;18.185;26.526,,
00391DVD.mp4,0.000;4.671;13.013;19.953;25.692,13.046,0.256
00393DVD.mp4,0.000;5.172;7.374;12.012;16.216;20.554;24.291;25.459;26.426;28.462,7.374;12.012;16.216;24.258,0.257;0.207;0.230;0.565
00396DVD.mp4,0.000;8.342;12.412;20.754;23.457,12.412;23.457,0.352;0.536
00397DVD.mp4,0.000;8.308;10.844;12.379;16.950;25.259;27.628,6.673;16.917;23.357;27.594,0.256;0.288;0.375;0.173
00402DVD.mp4,0.000;3.203;6.106;14.414;15.349;23.657;24.658;29.630,6.106;15.349;20.053;25.058,0.175;0.270;0.180;0.170
00403DVD.mp4,0.000;4.538;12.880;21.221;29.563,4.538,0.485
00405DVD.mp4,0.000;6.874;11.745;17.117;21.421;29.763,,
00406DVD.mp4,0.000;2.402;10.744;19.086;23.056,22.990,0.358
00407DVD.mp4,0.000;7.741;13.747;21.755;30.097,21.722,0.161
00408DVD.mp4,0.000;5.606;11.912;20.254;26.426;27.895,,
00422DVD.mp4,0.000;4.738;13.080;21.421;29.763,,
00423DVD.mp4,0.000;8.342;14.414;19.887;21.755;25.759,14.414,0.196
00424DVD.mp4,0.000;4.338;8.876;11.812;20.153;25.993,,
00429DVD.mp4,0.000;0.868;9.209;10.477;14.681;17.885;20.921;22.756;27.694,18.518;27.694,0.202;0.296
00437DVD.mp4,0.000;8.308;9.243;10.244;11.078;12.045;12.880;13.881;14.882;15.883;16.884;17.885;18.919;19.920;21.121;22.122;23.357;24.324;25.158;26.159;27.160;28.161;29.162,,
00441DVD.mp4,0.000;8.342;16.683;24.191,8.642;8.675,0.453;0.215
00442DVD.mp4,0.000;6.840;15.182;18.051;25.559,18.018,0.172
00443DVD.mp4,0.000;4.905;9.109;10.077;11.245;17.317;25.659,,
00444DVD.mp4,0.000;5.405;6.540;8.442;11.311;13.247;21.588;22.623;25.859;29.363,6.540;13.580;25.859,0.195;0.194;0.199
00453DVD.mp4,0.000;1.201;9.543;13.580;16.216;23.991;27.327,1.201;27.327,0.168;0.161
00463DVD.mp4,0.000;3.403;11.745;20.087;22.656,3.403;22.656,0.253;0.201
00467DVD.mp4,0.000;2.836;7.074;10.143;16.950;25.292;26.326;29.796,2.836;7.074;10.143;16.950;26.293;29.763,0.238;0.177;0.308;0.234;0.161;0.178
00471DVD.mp4,0.000;1.668;7.407;13.847;22.189,1.668;7.374;22.222,0.470;0.214;0.265
00472DVD.mp4,0.000;2.202;8.075;14.214;21.822;28.161,2.169;14.214;21.822;28.128,0.233;0.239;0.307;0.186
00475DVD.mp4,0.000;2.603;10.944;11.812;18.552;24.358,2.603;11.812;18.518;24.324,0.254;0.169;0.237;0.156
00476DVD.mp4,0.000;3.904;11.345;17.484;22.055;27.394,3.904;17.484;22.055;27.361,0.162;0.231;0.295;0.155
00481DVD.mp4,0.000;1.802;9.610;10.477;11.378;12.312;20.654;24.958,9.576;24.958,0.159;0.279
00482DVD.mp4,0.000;7.875;11.879;18.485;25.659,7.875;11.879;18.485;25.626,0.199;0.304;0.282;0.233
00485DVD.mp4,0.000;3.437;6.106;8.175;9.743;13.981;15.449;23.790;29.363,,
00486DVD.mp4,0.000;0.968;4.071;8.742;12.045;20.387;28.729,0.968;21.121,0.315;0.206
00501DVD.mp4,0.000;1.535;9.877;13.547;21.889,1.535;13.547,0.254;0.301
00502DVD.mp4,0.000;5.873;14.214;22.556,,
00509DVD.mp4,0.000;8.342;16.683;25.025,,
00510DVD.mp4,0.000;7.774;15.048;18.185;24.925,7.774;18.986,0.160;0.206
00511DVD.mp4,0.000;7.274;13.680;20.187;21.788;27.828,7.241;13.647;20.187;21.788;27.828,0.333;0.217;0.456;0.509;0.864
00512DVD.mp4,0.000;4.972;9.509;16.583;22.489;29.296,4.972;22.489,0.160;0.251
00514DVD.mp4,0.000;2.135;4.671;6.707;12.412;20.754;24.124,12.412;21.321;24.124,0.223;0.202;0.214
00516DVD.mp4,0.000;8.342;16.683;18.118;26.460,18.118,0.275
00519DVD.mp4,0.000;2.002;10.344;18.218;26.026,2.002;18.218,0.326;0.209
00524DVD.mp4,0.000;8.342;16.683;25.025,,
00525DVD.mp4,0.000;4.638;12.980;21.321;29.663,,
00535DVD.mp4,0.000;4.438;10.143;17.017;25.359,4.404;10.143,0.173;0.230
00536DVD.mp4,0.000;1.568;7.207;15.549;19.253;21.388;26.760,1.568;7.207;26.760,0.338;0.345;0.221
00537DVD.mp4,0.000;3.270;6.039;11.745;20.087;21.822;24.057;24.958;26.059;27.394;28.862,11.745,0.593
00549DVD.mp4,0.000;5.072;11.979;17.317;19.953;23.123;28.862,5.072;11.979;19.953;28.862,0.187;0.245;0.190;0.236
00552DVD.mp4,0.000;5.439;13.780;17.084;24.057,5.439;17.084,0.338;0.245
00560DVD.mp4,0.000;8.342;16.683;20.587;21.922;23.357;26.960;29.363,,
00561DVD.mp4,0.000;3.070;11.411;14.982;19.052;20.020;24.925;27.060,,
00563DVD.mp4,0.000;2.336;5.072;8.141;11.311;12.279;14.681;18.685;26.159,,
00564DVD.mp4,0.000;8.342;16.683;21.321;24.458,21.321;24.424,0.305;0.166
00568DVD.mp4,0.000;5.305;13.647;15.649;17.384;25.726,5.305;15.649;17.384,0.231;0.278;0.382
00570DVD.mp4,0.000;8.342;16.683;19.520;27.361,,
00572DVD.mp4,0.000;8.342;15.983;21.455;29.796,8.609;15.983;21.455,0.184;0.516;0.316
00574DVD.mp4,0.000;2.970;8.275;16.617;21.455;29.062,2.936;8.275,0.170;0.518
00575DVD.mp4,0.000;2.369;9.476;13.480;17.084;19.186;22.122;27.294;29.463,2.336;9.476;13.480;17.084;22.122,0.163;0.285;0.219;0.259;0.276
00578DVD.mp4,0.000;7.074;11.511;13.714;22.055,7.007;22.456,0.223;0.269
00594DVD.mp4,0.000;8.342;9.476;17.818;21.154;29.496,,
00595DVD.mp4,0.000;5.172;7.808;10.010;12.012;14.848;17.084;17.985;26.326,,
00596DVD.mp4,0.000;6.874;12.112;14.147;22.489;24.758;28.228;29.062,24.758,0.219
00597DVD.mp4,0.000;7.241;9.676;13.113;14.314;15.315;16.149;24.491,,
00600DVD.mp4,0.000;4.271;12.613;20.954;25.225,4.238,0.180
00602DVD.mp4,0.000;8.342;16.683;17.618;24.157;28.228,8.642;24.157,0.205;0.192
00603DVD.mp4,0.000;1.568;8.575;12.279;18.118;24.291;26.760;28.262,26.727,0.172
00605DVD.mp4,0.000;1.235;7.007;12.646;20.988;23.790,7.007;12.646;21.054,0.179;0.238;0.295
00606DVD.mp4,0.000;2.970;6.540;11.044;15.682;20.454;25.325,2.970;11.044;15.682;20.454;25.325,0.203;0.211;0.213;0.153;0.250
00613DVD.mp4,0.000;1.401;9.743;18.085;19.219;27.561,1.401,0.238
00618DVD.mp4,0.000;4.571;5.906;7.474;13.847;14.948;21.221;26.193,7.441,0.261
00619DVD.mp4,0.000;8.308;10.711;19.019;21.421;23.657;29.363,10.711,0.165
00623DVD.mp4,0.000;4.304;5.305;6.139;7.107,,
00624DVD.mp4,0.000;3.370;4.838;7.441;10.410;15.282;21.688,21.688,0.175
00627DVD.mp4,0.000;8.342;16.650;24.992,,
00628DVD.mp4,0.000;4.071;12.412;15.883;24.224,4.071,0.169
00632DVD.mp4,0.000;7.341;15.682;24.024,,
00633DVD.mp4,0.000;8.342;16.283;24.625;27.527,16.283;27.527,0.244;0.445
00634DVD.mp4,0.000;2.903;4.838;6.773;12.613;14.081;22.422,2.870;6.773;14.081,0.245;0.349;0.305
00635DVD.mp4,0.000;8.342;11.545;17.184;21.889;28.028,11.511,0.157
00636DVD.mp4,0.000;6.740;14.181;21.855,21.855,0.170
00638DVD.mp4,0.000;7.508;9.176;12.145;13.146;15.549;17.818;20.821;21.822;23.323;25.626,9.142,0.222
00641DVD.mp4,0.000;8.342;16.683;23.257,23.257,0.366
00649DVD.mp4,0.000;2.903;9.409;11.178;17.184;19.419;26.026,2.903;11.178;19.419;26.026,0.360;0.254;0.208;0.153
00651DVD.mp4,0.000;3.070;11.411;19.019;25.292;27.794,11.879;27.794,0.182;0.243
00653DVD.mp4,0.000;5.806;11.612;13.780;14.781;15.649;22.956,15.749;22.956,0.337;0.352
00654DVD.mp4,0.000;8.342;12.546;20.888;22.523,12.512;22.523,0.200;0.260
00655DVD.mp4,0.000;8.342;15.215;23.557,15.215;23.757,0.157;0.203
00657DVD.mp4,0.000;8.342;11.278;19.620;27.961,11.245,0.238
00658DVD.mp4,0.000;8.342;16.683;25.025;26.793,26.793,0.254
00661DVD.mp4,0.000;4.004;10.244;15.082;19.419;22.222;25.225,3.971;10.177;25.225,0.189;0.232;0.272
00669DVD.mp4,0.000;8.308;13.914;15.148;22.556,7.941;22.556,0.242;0.220
00673DVD.mp4,0.000;4.905;11.745;16.483;20.454;25.425;27.227,4.905;16.450;27.227,0.260;0.165;0.192
00683DVD.mp4,0.000;0.868;1.768;2.736;3.637;4.738;5.839;14.181;20.387;23.957;25.893;28.896,23.924,0.162
00685DVD.mp4,0.000;8.208;16.550;20.220;26.793,8.175;20.220,0.323;0.279
00686DVD.mp4,0.000;3.036;9.576;12.846;16.149;21.855;24.758,3.036;9.543,0.366;0.303
00696DVD.mp4,0.000;8.342;16.683;17.618;21.889;25.292;28.695,0.801;8.942;28.662,0.192;0.190;0.208
00703DVD.mp4,0.000;8.342;16.683;18.385;24.424,18.385;24.424,0.249;0.198
00706DVD.mp4,0.000;2.135;10.010;16.783;20.854;26.560,10.677;20.854;26.560,0.154;0.289;0.237
00711DVD.mp4,0.000;8.342;11.678;14.781;17.885;21.655;26.693,,
00712DVD.mp4,0.000;4.471;10.210;16.416;20.821;27.294,,
00720DVD.mp4,0.000;3.303;5.939;7.908;15.916;20.320;21.221;27.027,3.303;5.939;7.908;21.221;27.027,0.238;0.188;0.189;0.157;0.198
00729DVD.mp4,0.000;5.606;9.209;17.551;18.919;27.261,9.176;18.919;27.794,0.170;0.177;0.234
00730DVD.mp4,0.000;5.906;12.512;19.019;25.058,19.019;25.058,0.177;0.213
00731DVD.mp4,0.000;8.342;16.550;24.892,16.550;25.325,0.156;0.310
00733DVD.mp4,0.000;2.870;11.211;19.553;21.088;29.429,12.012;21.088,0.214;0.160
00750DVD.mp4,0.000;4.771;11.745;17.618;18.719;23.490;27.561,4.771;18.685,0.377;0.217
00752DVD.mp4,0.000;4.872;9.276;12.679;14.181;15.482;18.919;21.755;22.723;23.590;26.994;27.828;28.762,,
00753DVD.mp4,0.000;1.001;1.902;2.803;3.804;4.805;5.806;6.807;7.875;16.183;17.117;18.118;19.119;24.491;26.960;27.961;28.795,,
00754DVD.mp4,0.000;2.936;5.873;10.677;14.681;18.986;23.056;28.795,23.023,0.182
00756DVD.mp4,0.000;8.308;9.243;10.244;11.278;19.286;24.892;28.428;29.363,4.404;25.092,0.178;0.153
00758DVD.mp4,0.000;6.206;13.580;21.889;23.290;26.260;27.427;28.428,20.254;20.287,0.496;0.156
00759DVD.mp4,0.000;1.034;2.569;3.503;4.605;5.873;11.144;13.847;16.683;18.685;22.523;24.858;25.692,25.893,0.228
00763DVD.mp4,0.000;8.342;11.511;15.449;16.850;22.189;26.927;29.363,8.742,0.317
00768DVD.mp4,0.000;3.470;6.373;7.374;8.375;11.044;12.746;14.281;15.115;17.684;18.552;19.520;20.520;21.355;22.556;23.557;24.491;26.860;28.862;29.796,,
00771DVD.mp4,0.000;1.034;2.035;2.936;4.938;5.873;8.809;11.812;13.647;15.749;17.050;19.686;20.554;22.556;23.557;24.558;25.759;26.860;28.695,,
00787DVD.mp4,0.000;8.342;16.683;22.389,22.389,0.171
00788DVD.mp4,0.000;0.834;9.176;16.383;20.888;29.229,0.834;20.888,0.159;0.165
00792DVD.mp4,0.000;2.436;10.777;19.119;27.461,,
00793DVD.mp4,0.000;2.436;6.940;12.779;17.484;24.091,2.436;6.940;12.779;17.451;24.057,0.150;0.205;0.194;0.180;0.219
00794DVD.mp4,0.000;5.873;14.214;22.556;28.395,0.601;5.873,0.151;0.295
00798DVD.mp4,0.000;8.342;10.177;18.518;20.387;27.294,,
00803DVD.mp4,0.000;8.342;16.683;25.025,12.112,0.150
00808DVD.mp4,0.000;5.839;14.181;16.283;24.625,5.806;16.250,0.154;0.237
00809DVD.mp4,0.000;1.869;7.508;11.178;14.748;19.920;24.258;26.159,1.869;7.508;14.748,0.199;0.205;0.173
00810DVD.mp4,0.000;6.206;11.511;17.184;23.156;27.995,,
00812DVD.mp4,0.000;8.342;9.943;12.479;17.417;24.191;27.561,9.910;9.943;18.218,0.170;0.501;0.167
00813DVD.mp4,0.000;4.137;7.875;9.810;15.649;23.690,4.137;9.810;15.649;23.690,0.151;0.296;0.230;0.340
00814DVD.mp4,0.000;2.002;10.344;13.614;17.684;19.786;27.327,1.969;13.947;19.786,0.166;0.286;0.331
00821DVD.mp4,0.000;3.503;5.873;8.375;10.310;11.745;13.814;14.681;16.149;17.918;24.958,8.609,0.160
00825DVD.mp4,0.000;1.835;5.639;8.809;11.478;14.114;16.149;17.651;18.619;19.586;20.621;22.122;23.123;24.558,24.958,0.213
00827DVD.mp4,0.000;6.340;14.681;23.023,6.340,0.238
00828DVD.mp4,0.000;8.342;16.683;25.025,,
00829DVD.mp4,0.000;2.035;10.377;18.719;27.060,,
00830DVD.mp4,0.000;2.169;9.509;12.012;20.354;28.695,,
00838DVD.mp4,0.000;2.369;9.076;17.417;20.554;27.160,20.554,0.159
00839DVD.mp4,0.000;1.768;10.110;18.452;26.793,1.768;18.652;18.685,0.233;0.301;0.160
00840DVD.mp4,0.000;8.342;11.745;20.087;25.659,11.712,0.163
00842DVD.mp4,0.000;8.342;16.683;23.490;25.659;26.894;27.928;28.929,,
00843DVD.mp4,0.000;6.473;14.681;21.321;22.890,22.890,0.169
00845DVD.mp4,0.000;8.342;14.314;18.986;23.323;28.028,8.442;14.314;23.590,0.294;0.168;0.151
00847DVD.mp4,0.000;5.839;13.680;22.022,,
00861DVD.mp4,0.000;8.342;12.379;16.316;24.625;25.559;26.593;27.527,8.675;16.316,0.168;0.151
00865DVD.mp4,0.000;3.070;11.411;19.386;27.728,,
00869DVD.mp4,0.000;2.769;11.111;15.716;21.688;26.360,2.736;2.769;15.716,0.165;0.178;0.157
00885DVD.mp4,0.000;5.873;8.809;10.010;18.318;26.627;27.661;29.229,17.451,0.185
00892DVD.mp4,0.000;1.802;3.170;6.540;11.111;17.784;22.556;27.895,11.078;17.751;22.556,0.253;0.183;0.207
00893DVD.mp4,0.000;8.342;10.377;15.582;21.288;26.226,15.582;26.226,0.219;0.172
00894DVD.mp4,0.000;8.342;15.616;21.154;26.193,15.582;21.154;26.193,0.199;0.384;0.371
00903DVD.mp4,0.000;8.342;10.811;11.645;17.417;20.754;24.524;25.425,11.645,0.163
00907DVD.mp4,0.000;8.342;10.611;18.952;25.526;27.928,25.325,0.280
00908DVD.mp4,0.000;4.505;10.244;18.585;26.827,4.471;10.244;26.793,0.151;0.329;0.303
00909DVD.mp4,0.000;8.342;9.209;12.679;19.686;22.956;24.124,9.176;9.209;19.686;24.124,0.162;0.186;0.258;0.284
00913DVD.mp4,0.000;3.136;10.077;12.946;21.288;26.460,3.136;10.043;12.946;26.460,0.477;0.212;0.154;0.322
00916DVD.mp4,0.000;4.905;13.247;21.588;29.930,4.905,0.553
00921DVD.mp4,0.000;8.342;16.650;24.992,16.683,0.212
00922DVD.mp4,0.000;1.702;10.043;13.046;21.388;25.592,1.702;13.013;25.592,0.266;0.170;0.191
00926DVD.mp4,0.000;5.939;9.943;15.883;20.387;27.027,5.906;9.910;15.883;20.354;20.387;26.994,0.166;0.318;0.195;0.339;0.150;0.257
00929DVD.mp4,0.000;8.342;9.209;17.551;18.785;24.258;27.661,9.209;18.752;24.224,0.283;0.316;0.265
00931DVD.mp4,0.000;2.936;6.607;9.042;12.980;17.651;22.089,2.936;6.607;9.042;17.651;22.089,0.406;0.305;0.298;0.483;0.496
00932DVD.mp4,0.000;2.836;10.611;16.149;24.324,2.803;10.577;24.291,0.272;0.409;0.248
00938DVD.mp4,0.000;2.236;6.240;11.011;19.353;21.288;28.529,2.236;6.240,0.407;0.251
00939DVD.mp4,0.000;2.736;8.141;16.149;21.889;28.462,2.736;8.141;16.149;28.462,0.191;0.326;0.415;0.171
00940DVD.mp4,0.000;3.604;11.945;14.915;16.884;20.621;24.191;27.361,3.570;14.915;16.850;20.621;24.191;27.327,0.328;0.184;0.227;0.367;0.295;0.184
00946DVD.mp4,0.000;3.437;9.543;17.885;25.359,,
00948DVD.mp4,0.000;8.342;9.409;17.184;23.490,,
00952DVD.mp4,0.000;8.342;10.911;18.018;26.360;27.327,10.911;18.018;27.294,0.242;0.242;0.188
00957DVD.mp4,0.000;8.342;14.915;23.257;24.391,24.391,0.239
00965DVD.mp4,0.000;3.036;11.211;16.083;17.184;18.719;20.621;21.622;23.824;26.727,3.036;11.178;18.719;26.693,0.385;0.309;0.279;0.183
00966DVD.mp4,0.000;4.571;11.912;12.880;21.221;29.563,4.571;12.880,0.245;0.391
00976DVD.mp4,0.000;3.370;6.807;11.144;14.047;15.449;20.387;24.892,3.370;6.807;20.354;24.892,0.211;0.171;0.295;0.268
00980DVD.mp4,0.000;4.972;12.546;19.620;27.694,4.972;27.694,0.244;0.340
00982DVD.mp4,0.000;1.702;2.936;3.937;10.210;16.984;25.325,4.271;10.177;16.984;25.792,0.181;0.205;0.168;0.194
00991DVD.mp4,0.000;1.301;7.641;10.878;11.945;13.347;18.051;19.620;21.622;29.963,1.268;7.641;10.844;17.885;22.356,0.151;0.275;0.234;0.308;0.234
01001DVD.mp4,0.000;8.342;15.549;19.753;28.095,9.109;15.549;19.753,0.305;0.243;0.268
01002DVD.mp4,0.000;1.668;6.440;8.742;13.013;17.184;20.487;27.327,8.742;21.021;27.527,0.378;0.202;0.223
01004DVD.mp4,0.000;1.235;8.909;14.448;21.588;29.930,1.235;8.909;14.414;21.588,0.336;0.488;0.175;0.440
01005DVD.mp4,0.000;8.342;11.645;15.983;19.953;24.057,15.983;19.920;24.057,0.207;0.185;0.249
01007DVD.mp4,0.000;8.342;13.780;16.950;20.153;26.526,8.642;13.780;16.917;20.120;26.526,0.260;0.505;0.227;0.256;0.418
01009DVD.mp4,0.000;0.868;6.406;14.748;18.318;26.660,0.868;6.373;14.882;18.318,0.175;0.203;0.343;0.393
01014DVD.mp4,0.000;1.201;5.873;7.441;15.749;18.986;20.053;21.555;23.090;24.057;25.058;25.959;26.860;27.761;29.363,,
01037DVD.mp4,0.000;3.103;11.445;13.847;19.987;27.961,3.070;13.847;19.953,0.206;0.214;0.199
01039DVD.mp4,0.000;0.834;1.735;10.077;18.418;26.760,,
01040DVD.mp4,0.000;8.342;16.683;25.025;29.029,29.029,0.299
01043DVD.mp4,0.000;3.804;7.074;14.314;15.616;23.957;25.158,7.040;25.158,0.675;0.251
01044DVD.mp4,0.000;3.303;5.072;6.874;13.547;16.650;22.789;28.629,13.547;22.789;28.629,0.305;0.298;0.354
01052DVD.mp4,0.000;8.342;12.279;20.387;28.729,12.246;20.387,0.283;0.478
01056DVD.mp4,0.000;1.068;2.936;5.439;6.506;7.908;9.710;10.677;16.550;19.086;21.588;27.561,,
01061DVD.mp4,0.000;7.941;14.648;22.422;23.457;26.493,14.615;23.423,0.187;0.162
01064DVD.mp4,0.000;2.636;8.442;11.678;14.982;17.484;21.822;24.791,21.788;24.758,0.217;0.204
01068DVD.mp4,0.000;7.641;15.983;21.588;29.930,,
01073DVD.mp4,0.000;0.934;2.903;9.576;12.446;20.754;23.857,2.903;17.718;21.021;21.054;23.824,0.177;0.379;0.305;0.161;0.237
01082DVD.mp4,0.000;3.237;11.578;14.681;23.023;27.394,3.203;27.361,0.241;0.167
01105DVD.mp4,0.000;5.339;7.808;9.843;18.185;20.120;22.789;26.693,5.339;22.789;26.693,0.217;0.166;0.244
01111DVD.mp4,0.000;2.536;6.440;9.543;14.581;15.916;16.950;20.921;28.228,6.440;20.921,0.316;0.193
01113DVD.mp4,0.000;6.874;9.843;17.618;22.823;28.195,9.810;22.823;28.161,0.226;0.269;0.229
01160DVD.mp4,0.000;3.570;7.007;11.311;14.081;19.319;27.661,11.311;14.081;19.319,0.341;0.307;0.298
01172DVD.mp4,0.000;6.473;11.078;14.114;20.721;29.062,6.473;11.078;14.114;20.721,0.276;0.378;0.248;0.354
01173DVD.mp4,0.000;4.605;9.076;14.047;18.685;22.589;26.393,4.571;9.076;22.589;26.393,0.188;0.211;0.272;0.217
01181DVD.mp4,0.000;1.768;2.903;3.971;6.840;8.175;9.343;15.148;23.490;26.727,9.343;15.148;26.693,0.316;0.339;0.151
01196DVD.mp4,0.000;4.271;12.045;15.382;23.257;25.759,4.238;15.382;23.257;25.726,0.249;0.248;0.344;0.216
01205DVD.mp4,0.000;5.539;12.913;14.581;20.554;21.755;29.830,14.581;29.830,0.282;0.248
01207DVD.mp4,0.000;8.342;15.182;23.523;25.425,15.182;25.425,0.355;0.332
01215DVD.mp4,0.000;5.172;13.514;16.350;24.691,5.138;14.081;25.125,0.174;0.311;0.232
01235DVD.mp4,0.000;4.705;8.809;12.346;20.354;25.826,20.320,0.160
01236DVD.mp4,0.000;1.902;5.505;8.342;13.280;17.618;25.959,17.618,0.160
01241DVD.mp4,0.000;3.237;7.774;11.678;14.815;21.154;26.927,3.237;21.154;26.894,0.355;0.273;0.172
01268DVD.mp4,0.000;3.604;7.374;13.780;18.185;19.052;20.020;21.755;22.723;23.590,7.374;13.647;19.052,0.158;0.343;0.166
01275DVD.mp4,0.000;1.735;10.077;11.511;12.512;15.415;17.150;25.492,10.644,0.173
01303DVD.mp4,0.000;5.772;7.975;9.009;9.877;13.013;21.154;22.656,9.877;12.980,0.242;0.184
01327DVD.mp4,0.000;1.702;7.641;10.878;15.148;23.490;26.093,1.702;7.608;15.148,0.552;0.182;0.374
01328DVD.mp4,0.000;8.342;12.279;20.187;24.558,20.187,0.334
01388DVD.mp4,0.000;8.342;12.779;14.815;15.883;21.655;29.997,0.634,0.229
01413DVD.mp4,0.000;2.870;5.873;6.874;14.815;16.149;17.150;18.452;23.590;29.997,7.608;13.680,0.176;0.257
01422DVD.mp4,0.000;6.273;14.281;19.520;23.624;27.494,6.273;14.281;19.520,0.180;0.227;0.315
01425DVD.mp4,0.000;4.438;11.545;17.985;21.388;25.092,4.438;17.951;21.355;25.092,0.267;0.198;0.174;0.345
01436DVD.mp4,0.000;8.342;10.811;16.817;18.619;22.923;26.593,19.119;26.593,0.185;0.272
01460DVD.mp4,0.000;8.342;12.679;17.351;25.692,,
01462DVD.mp4,0.000;4.905;5.873;11.812;18.385;24.157;26.994,24.157;26.994,0.218;0.249
01473DVD.mp4,0.000;8.342;14.982;23.323,14.982,0.347
01474DVD.mp4,0.000;8.342;14.982;23.323,14.982,0.422
01475DVD.mp4,0.000;8.342;14.982;23.323,14.982,0.357
01476DVD.mp4,0.000;6.740;8.842;10.511;11.745;13.247;14.514;16.250;18.118;20.187;22.022;24.658;27.928,,
01477DVD.mp4,0.000;8.342;16.683;25.025,,
01478DVD.mp4,0.000;8.342;16.683;25.025,,
01479DVD.mp4,0.000;8.342;16.683;25.025,,
01480DVD.mp4,0.000;8.342;16.683;25.025,,
01481DVD.mp4,0.000;2.870;3.704;12.045;20.387;28.729,,
01482DVD.mp4,0.000;8.342;16.683;25.025,,
01483DVD.mp4,0.000;8.342;16.683;25.025,,
01484DVD.mp4,0.000;8.342;16.683;25.025,,
01485DVD.mp4,0.000;8.342;16.683;25.025,,
01486DVD.mp4,0.000;5.906;13.313;21.655;28.228,,
01487DVD.mp4,0.000;8.342;16.683;25.025,,
01488DVD.mp4,0.000;8.342;16.683;25.025,,
01489DVD.mp4,0.000;8.342;16.683;25.025,,
01490DVD.mp4,0.000;8.342;16.683;25.025,,
01491DVD.mp4,0.000;8.342;16.683;25.025,,
01492DVD.mp4,0.000;8.342;16.683;25.025,,
01493DVD.mp4,0.000;8.342;16.683;25.025,,
01494DVD.mp4,0.000;8.342;16.683;25.025,,
01495DVD.mp4,0.000;8.342;16.683;25.025,,
01496DVD.mp4,0.000;8.342;16.683;25.025,,
01497DVD.mp4,0.000;8.342;16.683;25.025,,
01498DVD.mp4,0.000;8.342;16.683;25.025,,
01499DVD.mp4,0.000;8.342;15.015;23.357,15.015,0.252
01500DVD.mp4,0.000;7.007;15.015;23.357,15.015,0.235
01501DVD.mp4,0.000;8.342;14.982;23.323,14.982,0.259
01502DVD.mp4,0.000;8.342;15.015;23.357,15.015,0.365
01503DVD.mp4,0.000;8.342;15.015;23.357,15.015,0.449
01504DVD.mp4,0.000;8.342;15.015;23.357,15.015,0.218
01505DVD.mp4,0.000;4.304;7.040;9.509;13.146;15.015;16.049;19.086;21.054;21.889;23.323;24.191;25.158;26.760;28.328,15.015,0.384
01506DVD.mp4,0.000;0.968;4.304;6.740;8.742;9.977;11.078;14.581;21.021;22.623;23.557;24.658;25.659;26.526;27.427,0.033;15.015,0.170;0.161
01507DVD.mp4,0.000;5.305;13.647;15.015;23.357,0.033;15.015,0.152;0.388
aggr_cam_directed01DVD.mp4,0.000;8.342;16.683;25.025,,
aggr_cam_directed02DVD.mp4,0.000;8.342;16.683;25.025,,
aggr_cam_directed03DVD.mp4,0.000;8.342;15.015;23.357,15.015,0.368
aggr_cam_directed04DVD.mp4,0.000;8.342;15.015;23.357,15.015,0.374
aggr_cam_directed05DVD.mp4,0.000;1.268;8.041;10.010;18.352;20.020;28.362,10.010;20.020,0.270;0.342
aggr_cam_directed06DVD.mp4,0.000;8.342;10.010;18.352;20.020;28.362,10.010;20.020,0.375;0.360
aggr_cam_directed07DVD.mp4,0.000;8.342;9.977;18.318;20.020;28.362,9.977;20.020,0.354;0.391
aggr_cam_directed08DVD.mp4,0.000;8.342;9.977;18.318;19.987;28.328,9.977;19.987,0.341;0.366
aggr_cam_directed09DVD.mp4,0.000;7.508;15.015;22.523,7.508;15.015;22.523,0.393;0.393;0.380
aggr_cam_directed10DVD.mp4,0.000;7.508;11.912;15.015;22.523,7.508;15.015;22.523,0.325;0.294;0.399
aggr_cam_directed11DVD.mp4,0.000;7.508;15.015;22.523,7.508;15.015;22.523,0.378;0.365;0.337
aggr_cam_directed12DVD.mp4,0.000;7.508;15.015;22.523,7.508;15.015;22.523,0.312;0.318;0.385
aggr_cam_directed13DVD.mp4,0.000;4.771;6.006;12.012;18.018;23.991,6.006;12.012;18.018;23.991,0.265;0.416;0.407;0.375
aggr_cam_directed14DVD.mp4,0.000;6.006;12.012;17.985;23.957,6.006;12.012;17.985;23.957,0.363;0.374;0.375;0.356
aggr_cam_directed15DVD.mp4,0.000;1.001;5.539;12.012;18.018;24.024,6.006;12.012;18.018;24.024,0.248;0.404;0.397;0.386
aggr_cam_directed16DVD.mp4,0.000;6.006;12.012;18.018;24.024,6.006;12.012;18.018;24.024,0.373;0.370;0.348;0.387
aggr_cam_directed17DVD.mp4,0.000;5.005;7.774;10.010;15.015;20.020;25.025,5.005;10.010;15.015;20.020;25.025,0.278;0.271;0.348;0.359;0.372
aggr_cam_directed18DVD.mp4,0.000;5.005;10.010;15.015;20.020;25.025,5.005;10.010;15.015;20.020;25.025,0.278;0.373;0.385;0.421;0.414
aggr_cam_directed19DVD.mp4,0.000;4.338;8.675;13.013;17.351;21.688;25.859,4.338;8.675;13.013;17.351;21.688;25.859,0.348;0.361;0.408;0.360;0.352;0.387
aggr_cam_directed20DVD.mp4,0.000;4.304;8.642;12.980;17.317;21.655;25.826,4.304;8.642;12.980;17.317;21.655;25.826,0.337;0.347;0.296;0.317;0.349;0.352
aggression01DVD.mp4,0.000;6.006;7.941;8.876;10.244;12.012;15.282;18.018;18.919;20.988;22.656;24.024,6.006;12.012;18.018;24.024,0.330;0.258;0.269;0.374
aggression02DVD.mp4,0.000;5.005;10.010;15.015;16.483;17.718;20.020;21.755;22.789;25.025;27.961,0.033;5.005;10.010;15.015;15.048;20.020;25.025;25.058,0.162;0.243;0.563;0.539;0.173;0.335;0.329;0.177
aggression03DVD.mp4,0.000;1.502;3.537;5.405;6.607;7.574;8.675;10.177;11.011;13.013;17.351;21.688;23.790;25.859;28.295,8.675;13.013;17.351;21.688;21.722;25.859,0.233;0.433;0.324;0.399;0.157;0.163
aggression04DVD.mp4,0.000;2.002;3.737;5.939;8.909;12.012;14.681;15.549;18.018;24.024;26.560;28.195,6.006;18.018;24.024,0.271;0.201;0.268
aggression05DVD.mp4,0.000;4.805;5.672;7.508;11.078;13.447;14.982;22.456;27.828,0.033;7.508;14.982;22.456,0.239;0.395;0.206;0.362
aggression06DVD.mp4,0.000;2.636;4.404;11.445;13.547;15.015;16.917;19.019;20.988;22.956;25.659,0.033;15.015;15.048,0.161;0.346;0.155
aggression07DVD.mp4,0.000;8.342;16.683;25.025,,
aggression08DVD.mp4,0.000;8.342;10.010;15.682;19.219;20.087;21.054;21.922;22.923;24.057;24.892;25.726;26.760;29.329,10.010;20.020;20.053,0.474;0.253;0.172
aggression09DVD.mp4,0.000;2.436;3.937;6.073;7.541;8.809;11.845;14.114;14.982;16.817;18.518;21.455;23.190;24.024;25.859;27.294,14.982,0.218
aggression10DVD.mp4,0.000;8.342;15.015;20.187;23.423;28.228,15.015,0.285
aggression11DVD.mp4,0.000;6.073;7.174;8.842;11.378;13.180;15.549;18.118;20.420;24.124;28.295;29.596,,
aggression12DVD.mp4,0.000;4.204;5.072;10.010;15.949;19.987;27.461,10.010;19.987,0.355;0.381
aggression13DVD.mp4,0.000;3.337;4.872;5.706;9.977;12.646;17.117;18.819;19.987;23.790,9.977;19.987,0.221;0.168
aggression14DVD.mp4,0.000;2.269;3.837;7.508;12.246;14.982;19.920;22.489;24.191,,
aggression15DVD.mp4,0.000;1.134;5.973;8.709;11.979;15.782;17.985;23.023;23.991;27.261;28.095;29.029,5.973;11.979;17.985,0.252;0.188;0.205
aggression16DVD.mp4,0.000;3.770;5.105;7.241;9.877;11.378;14.248;15.082;20.687;24.424;25.626;28.362,,
aggression17DVD.mp4,0.000;1.134;3.203;10.210;11.879;13.080;16.750;17.885;20.020;21.455;25.092,,
aggression18DVD.mp4,0.000;4.271;6.440;7.474;11.211;14.982;15.916;17.618;22.389;24.157;25.192;26.026,7.474;14.982;22.489,0.242;0.316;0.153
aggression19DVD.mp4,0.000;0.968;3.604;6.506;7.474;10.077;12.446;14.982;17.784;19.453;22.122;26.059;29.763,7.474;14.982;22.456,0.203;0.178;0.170
aggression20DVD.mp4,0.000;6.006;9.676;11.912;13.347;14.548;18.018;23.991,6.006;12.012;12.045;18.018;23.991,0.307;0.268;0.211;0.412;0.393
aggression21DVD.mp4,0.000;2.903;5.005;8.442;10.010;13.947;15.015;15.883;17.217;19.386;21.688;23.490;25.025;26.293;27.561;28.428,5.005;10.010;15.015;20.020;20.053;25.025;25.058,0.431;0.267;0.263;0.233;0.171;0.360;0.175
aggression22DVD.mp4,0.000;0.901;4.338;8.675;10.811;13.013;17.351;19.286;20.320;21.688;22.756;24.291;25.859;26.727;27.561;28.495,4.338;8.675;8.709;13.013;17.351;21.688;25.859,0.252;0.276;0.175;0.212;0.280;0.414;0.287
aggression23DVD.mp4,0.000;1.235;3.503;5.839;7.508;11.111;13.847;15.015;15.883;20.754;22.523;25.759;27.160;28.328,0.033;7.508;15.015;22.523,0.197;0.406;0.314;0.223
aggression24DVD.mp4,0.000;1.702;2.769;5.973;8.742;11.078;11.979;13.647;14.514;15.415;17.784;19.386;23.991;26.426,0.033;5.973;11.979;23.991;24.024,0.181;0.442;0.193;0.319;0.173
aggression25DVD.mp4,0.000;2.736;5.005;8.242;10.010;12.212;13.714;14.982;16.817;19.720;22.322;24.157,5.005;10.010;14.982;20.020;24.958,0.341;0.340;0.268;0.153;0.176
foraging01DVD.mp4,0.000;5.005;10.010;15.015;20.020;25.025,5.005;10.010;15.015;20.020;25.025,0.484;0.380;0.373;0.557;0.494
foraging02DVD.mp4,0.000;8.342;14.982;23.323,14.982,0.410
foraging03DVD.mp4,0.000;8.342;10.010;18.352;20.020;28.362,10.010;20.020,0.287;0.294
foraging04DVD.mp4,0.000;8.342;11.445;19.786;22.122,,
foraging05DVD.mp4,0.000;7.508;15.015;22.523,7.508;15.015;22.523,0.317;0.371;0.496
foraging06DVD.mp4,0.000;8.342;10.010;18.352;20.020;28.362,10.010;20.020,0.308;0.321
foraging07DVD.mp4,0.000;6.006;12.012;18.018;24.024,6.006;12.012;18.018;24.024,0.389;0.440;0.407;0.427
foraging08DVD.mp4,0.000;6.106;7.508;15.015;22.523,7.508;15.015;22.523,0.444;0.393;0.229
foraging09DVD.mp4,0.000;6.006;12.012;17.985;23.991,6.006;12.012;17.985;23.991,0.347;0.388;0.480;0.366
foraging10DVD.mp4,0.000;6.006;12.012;18.018;24.024,6.006;12.012;18.018;24.024,0.252;0.524;0.478;0.275
foraging11DVD.mp4,0.000;8.342;10.010;18.352;20.020;28.362,10.010;20.020,0.438;0.449
foraging12DVD.mp4,0.000;8.342;15.048;23.390,15.048,0.359
foraging13DVD.mp4,0.000;5.005;10.010;15.015;20.020;25.025,5.005;10.010;15.015;20.020;25.025,0.361;0.388;0.402;0.504;0.313
foraging14DVD.mp4,0.000;7.508;15.015;22.523,7.508;15.015;22.523,0.296;0.251;0.392
foraging15DVD.mp4,0.000;5.005;10.010;15.015;20.020;25.025,5.005;10.010;15.015;20.020;25.025,0.354;0.359;0.321;0.383;0.399
foraging16DVD.mp4,0.000;8.342;15.015;23.357,15.015,0.466
foraging17DVD.mp4,0.000;6.006;11.979;17.985;23.991,6.006;11.979;17.985;23.991,0.535;0.364;0.428;0.414
foraging18DVD.mp4,0.000;8.342;10.010;18.352;20.020;21.989,10.010;20.020,0.366;0.293
foraging19DVD.mp4,0.000;8.342;15.048;23.390,15.048,0.655
foraging20DVD.mp4,0.000;2.269;3.403;4.338;8.675;13.013;17.351;21.688;25.859,4.338;8.675;13.013;17.351;21.688;25.859,0.289;0.440;0.285;0.242;0.437;0.476
foraging21DVD.mp4,0.000;5.005;10.010;14.848;20.020;25.025,5.005;10.010;15.015;20.020;25.025,0.247;0.448;0.355;0.454;0.368
foraging22DVD.mp4,0.000;7.508;15.015;22.523,7.508;15.015;22.523,0.357;0.424;0.404
foraging23DVD.mp4,0.000;5.973;11.979;17.985;23.991,5.973;11.979;17.985;23.991,0.501;0.400;0.495;0.450
foraging24DVD.mp4,0.000;8.342;10.010;18.352;20.020;28.362,10.010;20.020,0.356;0.291
foraging25DVD.mp4,0.000;8.342;10.010;18.352;20.020;28.362,10.010;20.020,0.339;0.371
foraging26DVD.mp4,0.000;8.342;16.683;25.025,,
foraging27DVD.mp4,0.000;8.342;15.015;22.022,15.015,0.332
foraging28DVD.mp4,0.000;7.508;15.015;22.523,7.508;15.015;22.523,0.229;0.387;0.413
foraging29DVD.mp4,0.000;8.342;16.683;21.955;29.429,,
foraging30DVD.mp4,0.000;8.075;16.416;24.758,,
foraging31DVD.mp4,0.000;8.342;16.683;25.025,0.033,0.170
foraging32DVD.mp4,0.000;7.975;15.015;23.357,15.015,0.309
foraging33DVD.mp4,0.000;8.342;15.015;23.357,15.015,0.388
foraging34DVD.mp4,0.000;8.342;10.043;18.385;20.053;28.395,10.043;20.053,0.240;0.277
foraging35DVD.mp4,0.000;8.342;9.977;18.318;19.987;28.328,9.977;19.987,0.280;0.340
foraging36DVD.mp4,0.000;7.508;15.015;22.523,7.508;15.015;22.523,0.311;0.300;0.338
foraging37DVD.mp4,0.000;7.508;15.015;22.523,0.033;7.508;15.015;22.523,0.193;0.516;0.414;0.378
foraging38DVD.mp4,0.000;7.508;15.015;22.523,7.508;15.015;22.523,0.379;0.306;0.347
foraging39DVD.mp4,0.000;7.508;15.015;22.523,7.508;15.015;22.523,0.224;0.225;0.392
foraging40DVD.mp4,0.000;7.508;14.982;22.489,7.508;14.982;22.489,0.306;0.342;0.347
foraging41DVD.mp4,0.000;6.006;12.012;18.018;24.024,6.006;12.012;18.018;24.024,0.356;0.422;0.321;0.366
foraging42DVD.mp4,0.000;6.006;12.012;17.985;23.991,6.006;12.012;17.985;23.991,0.336;0.274;0.398;0.436
foraging43DVD.mp4,0.000;6.006;12.012;18.018;24.024,6.006;12.012;18.018;24.024,0.330;0.268;0.285;0.255
foraging44DVD.mp4,0.000;6.006;12.012;18.018;24.024;29.696,6.006;12.012;18.018;24.024;29.630;29.696,0.311;0.363;0.382;0.345;0.178;0.181
foraging45DVD.mp4,0.000;5.005;10.010;15.015;20.020;25.025,5.005;10.010;15.015;20.020;25.025,0.297;0.362;0.299;0.355;0.298
foraging46DVD.mp4,0.000;5.005;10.010;15.015;20.020;25.025,5.005;10.010;15.015;20.020;25.025,0.347;0.289;0.362;0.406;0.321
foraging47DVD.mp4,0.000;4.304;8.609;12.913;17.217;21.521;25.826,4.304;8.609;12.913;17.217;21.521;25.826,0.405;0.357;0.379;0.406;0.337;0.288
foraging48DVD.mp4,0.000;4.304;8.609;12.913;17.217;21.521;25.826,4.304;8.609;12.913;17.217;21.521;25.826,0.366;0.329;0.371;0.236;0.323;0.355
foraging49DVD.mp4,0.000;4.304;8.609;12.913;17.217;21.521;25.826,4.304;8.609;12.913;17.217;21.521;25.826,0.318;0.235;0.169;0.352;0.442;0.400
foraging50DVD.mp4,0.000;4.304;8.609;12.913;17.217;21.521;25.826,4.304;8.609;12.913;17.217;21.521;25.826,0.319;0.302;0.309;0.251;0.277;0.295
grooming01DVD.mp4,0.000;3.203;7.508;15.048;22.556,7.508;15.048;22.556,0.327;0.437;0.349
grooming02DVD.mp4,0.000;5.939;11.979;17.951;23.957,5.939;11.979;17.951;23.957,0.412;0.512;0.393;0.357
grooming03DVD.mp4,0.000;8.342;10.010;18.352;20.020;28.362,10.010;20.020,0.483;0.246
grooming04DVD.mp4,0.000;8.342;15.015;23.357,15.015,0.469
grooming05DVD.mp4,0.000;5.005;10.010;15.015;20.020;25.025,5.005;10.010;15.015;20.020;25.025,0.260;0.385;0.227;0.293;0.212
grooming06DVD.mp4,0.000;5.005;10.010;15.015;20.020;21.655;25.025,5.005;10.010;15.015;20.020;21.588;21.989;22.022;22.055;25.025,0.503;0.353;0.164;0.409;0.212;0.165;0.324;0.174;0.406
grooming07DVD.mp4,0.000;6.006;12.012;18.018;24.024,6.006;12.012;18.018;24.024,0.201;0.545;0.396;0.416
grooming08DVD.mp4,0.000;7.508;15.015;22.523,7.508;15.015;22.523,0.280;0.186;0.403
grooming09DVD.mp4,0.000;8.342;15.015;23.357,15.015,0.461
grooming10DVD.mp4,0.000;8.342;10.010;18.352;20.020;28.362,10.010;20.020,0.398;0.285
grooming11DVD.mp4,0.000;8.342;16.683;25.025,,
grooming12DVD.mp4,0.000;8.342;10.010;18.352;20.020;28.362,10.010;20.020,0.393;0.377
grooming13DVD.mp4,0.000;6.006;12.012;18.018;24.024,6.006;12.012;18.018;24.024,0.431;0.544;0.470;0.355
grooming14DVD.mp4,0.000;8.342;15.015;23.357,15.015,0.378
grooming15DVD.mp4,0.000;8.342;16.683;25.025,,
grooming16DVD.mp4,0.000;8.342;16.683;25.025,,
grooming17DVD.mp4,0.000;8.342;16.683;25.025,,
grooming18DVD.mp4,0.000;8.342;16.683;25.025,,
grooming19DVD.mp4,0.000;8.342;14.982;23.323,14.982,0.479
grooming20DVD.mp4,0.000;8.342;15.015;23.357,15.015,0.307
grooming21DVD.mp4,0.000;8.342;14.982;23.323,14.982,0.512
grooming22DVD.mp4,0.000;8.342;10.010;18.352;20.020;28.362,10.010;20.020,0.467;0.322
grooming23DVD.mp4,0.000;8.342;10.010;18.352;19.987;23.357,10.010;19.987,0.597;0.299
grooming24DVD.mp4,0.000;8.342;15.015;23.357,15.015,0.447
grooming25DVD.mp4,0.000;7.508;15.015;22.489,7.508;15.015;22.489,0.401;0.479;0.429
grooming26DVD.mp4,0.000;8.342;10.010;18.352;20.020;28.362,10.010;20.020,0.483;0.492
grooming27DVD.mp4,0.000;7.508;14.982;22.489,7.508;14.982;22.489,0.242;0.330;0.335
grooming28DVD.mp4,0.000;7.508;14.982;22.489,7.508;14.982;22.489,0.349;0.503;0.445
grooming29DVD.mp4,0.000;8.342;10.010;18.352;20.020;28.362,10.010;20.020,0.563;0.545
grooming30DVD.mp4,0.000;7.508;15.015;22.523,7.508;15.015;22.523,0.508;0.348;0.416
grooming31DVD.mp4,0.000;7.508;15.015;22.523,7.508;15.015;22.523,0.278;0.487;0.517
grooming32DVD.mp4,0.000;6.006;12.012;18.018;24.024,6.006;12.012;18.018;24.024,0.706;0.225;0.340;0.341
grooming33DVD.mp4,0.000;4.338;8.675;13.013;17.351;21.722;26.026,4.338;8.675;13.013;17.351;21.722;26.026,0.353;0.206;0.233;0.477;0.451;0.499
grooming34DVD.mp4,0.000;5.005;10.010;15.015;20.020;25.025,5.005;10.010;11.011;15.015;20.020;25.025,0.401;0.493;0.191;0.478;0.423;0.479
grooming35DVD.mp4,0.000;6.006;12.012;18.018;24.024,6.006;12.012;18.018;24.024,0.448;0.414;0.518;0.416
grooming36DVD.mp4,0.000;4.338;8.675;13.013;17.351;21.688;25.859,4.338;8.675;13.013;17.351;21.688;25.859,0.315;0.291;0.364;0.318;0.392;0.398
grooming37DVD.mp4,0.000;4.338;8.675;13.013;17.351;21.688;25.859,4.338;8.675;13.013;17.351;21.688;25.859,0.731;0.380;0.363;0.398;0.431;0.364
grooming38DVD.mp4,0.000;4.338;8.675;13.013;17.351;21.688;25.859,4.338;8.675;13.013;17.351;21.688;25.859,0.391;0.331;0.301;0.605;0.513;0.531
grooming39DVD.mp4,0.000;4.371;8.709;13.046;17.384;21.722;25.893,4.371;8.709;13.046;17.384;21.722;25.893,0.409;0.467;0.571;0.442;0.332;0.247
grooming40DVD.mp4,0.000;5.005;10.010;15.015;20.020;25.025,5.005;10.010;15.015;20.020;25.025,0.342;0.475;0.612;0.453;0.336
grooming41DVD.mp4,0.000;5.005;10.010;15.015;20.020;25.025,5.005;10.010;15.015;25.025,0.411;0.431;0.424;0.320
grooming42DVD.mp4,0.000;8.342;10.010;18.352;19.987;28.328,10.010;19.987,0.328;0.344
grooming43DVD.mp4,0.000;7.508;15.015;22.523,7.508;15.015;22.523,0.286;0.359;0.352
grooming44DVD.mp4,0.000;7.474;14.948;22.456,7.474;14.948;22.456,0.289;0.452;0.404
grooming45DVD.mp4,0.000;7.508;15.015;22.523,7.508;15.015;22.523,0.379;0.375;0.299
grooming46DVD.mp4,0.000;5.973;11.945;17.951;23.957,5.973;11.945;17.951;23.957,0.377;0.384;0.484;0.379
grooming47DVD.mp4,0.000;5.005;10.010;15.015;20.020;24.992,5.005;10.010;15.015;20.020;24.992,0.473;0.417;0.484;0.434;0.443
grooming48DVD.mp4,0.000;5.005;10.010;15.015;20.020;24.992,5.005;10.010;15.015;20.020;24.992,0.428;0.478;0.418;0.445;0.440
grooming49DVD.mp4,0.000;6.006;12.012;18.018;24.024,6.006;12.012;18.018;24.024,0.316;0.219;0.262;0.306
grooming50DVD.mp4,0.000;6.006;12.012;18.018;24.024,6.006;12.012;18.018;24.024,0.262;0.343;0.402;0.315
mounting01DVD.mp4,0.000;6.006;12.012;18.018;24.024,6.006;12.012;18.018;24.024,0.300;0.255;0.211;0.172
mounting02DVD.mp4,0.000;4.972;9.977;14.982;19.987;24.992,4.972;9.977;14.982;19.987;24.992,0.321;0.242;0.420;0.183;0.339
mounting03DVD.mp4,0.000;8.342;10.010;12.646;19.586;27.928,10.010;20.020,0.234;0.329
mounting04DVD.mp4,0.000;8.342;15.716;24.057,,
mounting05DVD.mp4,0.000;6.039;9.776;12.045;18.051;24.057;29.329,6.039;12.045;18.051;24.057,0.290;0.376;0.292;0.348
mounting06DVD.mp4,0.000;7.508;12.779;15.015;15.883;22.489;29.196,7.508;15.015;22.489,0.239;0.159;0.366
mounting07DVD.mp4,0.000;1.502;4.338;8.675;13.013;17.351;18.552;21.688;25.859,4.338;8.675;13.013;17.351;17.384;21.688;25.859,0.256;0.359;0.445;0.385;0.204;0.321;0.261
mounting08DVD.mp4,0.000;8.342;10.010;18.352;20.020;28.362,10.010;20.020,0.182;0.319
mounting09DVD.mp4,0.000;6.006;12.045;18.085;24.057,6.006;12.045;18.051;24.057,0.210;0.221;0.272;0.326
mounting10DVD.mp4,0.000;4.972;9.977;14.982;19.953;24.925,4.972;5.005;9.977;14.982;19.953;19.987;24.925,0.374;0.155;0.299;0.294;0.321;0.170;0.436
mounting11DVD.mp4,0.000;8.342;15.015;23.357,,
mounting12DVD.mp4,0.000;8.342;10.010;18.352;20.020;28.362,10.010;20.020,0.344;0.380
mounting13DVD.mp4,0.000;8.342;15.015;23.357,15.015,0.241
mounting14DVD.mp4,0.000;6.907;15.015;22.523,0.033;15.015;22.523,0.176;0.208;0.277
mounting15DVD.mp4,0.000;7.508;13.814;15.015;22.523;28.228,7.508;15.015;22.523;26.426;27.794,0.158;0.243;0.328;0.291;0.227
neutral_cam_directed01DVD.mp4,0.000;8.342;16.683;25.025,,
neutral_cam_directed02DVD.mp4,0.000;8.342;16.683;25.025,,
neutral_cam_directed03DVD.mp4,0.000;8.342;14.982;23.323,14.982,0.319
neutral_cam_directed04DVD.mp4,0.000;8.342;15.015;23.357,15.015,0.334
neutral_cam_directed05DVD.mp4,0.000;4.905;9.977;18.318;19.987;28.328,9.977;19.987,0.288;0.328
neutral_cam_directed06DVD.mp4,0.000;8.342;10.010;18.352;20.020;28.362,10.010;20.020,0.335;0.329
neutral_cam_directed07DVD.mp4,0.000;8.342;10.010;18.352;20.020;28.362,10.010;20.020,0.300;0.344
neutral_cam_directed08DVD.mp4,0.000;8.342;9.977;18.318;19.987;28.328,9.977;19.987,0.305;0.344
neutral_cam_directed09DVD.mp4,0.000;7.508;15.015;22.523,7.508;15.015;22.523,0.274;0.273;0.316
neutral_cam_directed10DVD.mp4,0.000;7.508;15.015;22.523,7.508;15.015;22.523,0.234;0.351;0.357
neutral_cam_directed11DVD.mp4,0.000;7.508;15.015;22.489,7.508;15.015;22.489,0.401;0.349;0.304
neutral_cam_directed12DVD.mp4,0.000;7.508;15.015;22.523,7.508;15.015;22.523,0.346;0.342;0.337
neutral_cam_directed13DVD.mp4,0.000;6.006;12.012;18.018;24.024,6.006;12.012;18.018;24.024,0.388;0.397;0.412;0.367
neutral_cam_directed14DVD.mp4,0.000;5.973;11.979;17.951;23.991,5.973;11.979;17.951;23.991,0.295;0.343;0.345;0.353
neutral_cam_directed15DVD.mp4,0.000;6.006;11.979;17.985;23.957,6.006;11.979;17.985;23.957,0.354;0.337;0.328;0.358
neutral_cam_directed16DVD.mp4,0.000;6.006;12.012;18.018;24.024,6.006;12.012;18.018;24.024,0.300;0.337;0.322;0.333
neutral_cam_directed17DVD.mp4,0.000;5.005;10.010;15.015;20.020;25.025,5.005;10.010;15.015;20.020;25.025,0.347;0.348;0.281;0.318;0.383
neutral_cam_directed18DVD.mp4,0.000;5.005;10.010;15.015;20.020;25.025,5.005;10.010;15.015;20.020;25.025,0.268;0.288;0.299;0.322;0.297
neutral_cam_directed19DVD.mp4,0.000;4.338;8.675;13.013;17.351;21.688;25.826,4.338;8.675;13.013;17.351;21.688;25.826,0.335;0.353;0.366;0.366;0.340;0.321
neutral_cam_directed20DVD.mp4,0.000;4.338;8.609;12.913;17.251;21.588;25.726,4.338;8.609;12.913;17.251;21.588;25.726,0.284;0.325;0.303;0.271;0.296;0.304
nonspecificSocial01DVD.mp4,0.000;8.342;15.015;23.357,15.015,0.491
nonspecificSocial02DVD.mp4,0.000;8.342;10.010;18.352;20.020;28.362,10.010;20.020,0.305;0.393
nonspecificSocial03DVD.mp4,0.000;7.508;15.015;22.389,7.508;15.015;22.523,0.479;0.377;0.165
nonspecificSocial04DVD.mp4,0.000;6.006;12.012;18.018;24.024,6.006;12.012;18.018;24.024,0.348;0.355;0.236;0.327
nonspecificSocial05DVD.mp4,0.000;5.005;10.010;15.015;20.020;21.588;25.025;28.362,5.005;5.038;10.010;15.015;20.020;25.025;28.362,0.228;0.159;0.310;0.462;0.484;0.513;0.160
nonspecificSocial06DVD.mp4,0.000;8.342;16.683;25.025;28.428,,
nonspecificSocial07DVD.mp4,0.000;4.338;8.675;13.013;17.351;21.188;24.458;25.859,4.338;8.675;13.013;17.351;21.688;25.859,0.418;0.366;0.454;0.360;0.254;0.214
nonspecificSocial08DVD.mp4,0.000;8.342;10.010;18.352;20.020;28.362,10.010;20.020,0.540;0.350
nonspecificSocial09DVD.mp4,0.000;8.342;15.015;23.357,15.015,0.460
nonspecificSocial10DVD.mp4,0.000;7.474;14.982;22.489,7.474;14.982;22.489,0.454;0.591;0.357
nonspecificSocial11DVD.mp4,0.000;6.006;12.012;18.018;24.024,6.006;12.012;18.018;24.024,0.324;0.316;0.363;0.397
nonspecificSocial12DVD.mp4,0.000;8.342;10.010;18.352;20.020;28.362,10.010;20.020,0.253;0.272
nonspecificSocial13DVD.mp4,0.000;6.006;12.012;18.018;24.024,6.006;12.012;18.018;24.024,0.365;0.411;0.269;0.268
nonspecificSocial14DVD.mp4,0.000;5.005;10.010;15.015;20.020;25.025,5.005;10.010;15.015;25.025,0.419;0.388;0.263;0.352
nonspecificSocial15DVD.mp4,0.000;8.342;15.015;23.357,15.015,0.392
nonspecificSocial16DVD.mp4,0.000;7.508;15.015;22.523,7.508;15.015;22.523,0.378;0.350;0.349
nonspecificSocial17DVD.mp4,0.000;5.005;10.010;12.145;15.015;20.020;25.025,5.005;10.010;15.015;20.020;25.025,0.381;0.285;0.202;0.244;0.378
nonspecificSocial18DVD.mp4,0.000;8.342;15.015;23.357,15.015,0.531
nonspecificSocial19DVD.mp4,0.000;4.338;8.675;13.013;17.351;21.688;24.958;25.859;28.128,4.338;8.675;13.013;17.351;21.688;25.859,0.413;0.369;0.410;0.454;0.376;0.365
nonspecificSocial20DVD.mp4,0.000;8.342;10.010;18.352;20.020;28.362,10.010;20.020,0.342;0.415
nonspecificSocial21DVD.mp4,0.000;7.508;15.015;22.523;29.830,7.508;15.015;22.523,0.401;0.445;0.499
nonspecificSocial22DVD.mp4,0.000;6.006;12.012;18.018;24.024,6.006;12.012;18.018;24.024,0.379;0.461;0.452;0.382
nonspecificSocial23DVD.mp4,0.000;5.005;10.010;15.015;20.020;25.025,5.005;10.010;15.015;20.020;25.025,0.377;0.184;0.373;0.429;0.276
nonspecificSocial24DVD.mp4,0.000;8.342;16.683;25.025,,
nonspecificSocial25DVD.mp4,0.000;8.342;15.983;24.324,7.374,0.180
nonspecificSocial26DVD.mp4,0.000;8.342;15.015;23.357,15.015,0.350
nonspecificSocial27DVD.mp4,0.000;8.342;15.015;23.357,15.015,0.337
nonspecificSocial28DVD.mp4,0.000;8.342;15.015;23.357,15.015,0.284
nonspecificSocial29DVD.mp4,0.000;8.342;10.010;18.352;20.020;28.362,10.010;20.020,0.492;0.512
nonspecificSocial30DVD.mp4,0.000;6.506;10.010;18.352;20.020;28.362,10.010;20.020,0.230;0.321
nonspecificSocial31DVD.mp4,0.000;8.342;10.010;18.352;20.020;28.362,10.010;20.020,0.328;0.330
nonspecificSocial32DVD.mp4,0.000;8.342;10.010;18.352;20.020;28.362,10.010;20.020,0.350;0.262
nonspecificSocial33DVD.mp4,0.000;7.608;15.015;21.455;22.523,7.508;7.541;15.015;22.523;22.556,0.434;0.157;0.314;0.313;0.165
nonspecificSocial34DVD.mp4,0.000;7.474;11.879;14.982;22.489,7.474;14.982;22.489,0.462;0.347;0.332
nonspecificSocial35DVD.mp4,0.000;8.342;16.683;25.025,,
nonspecificSocial36DVD.mp4,0.000;8.342;16.683;25.025,,
nonspecificSocial37DVD.mp4,0.000;7.508;15.015;22.523,7.508;15.015;22.523,0.364;0.307;0.455
nonspecificSocial38DVD.mp4,0.000;7.508;14.982;22.456,7.508;7.541;14.982;22.456,0.480;0.191;0.425;0.498
nonspecificSocial39DVD.mp4,0.000;7.508;15.015;22.523,7.508;15.015;22.523,0.410;0.335;0.535
nonspecificSocial40DVD.mp4,0.000;5.105;7.508;15.015;22.523,0.033;7.508;15.015;22.523,0.259;0.247;0.363;0.229
nonspecificSocial41DVD.mp4,0.000;6.006;12.012;18.018;24.024,6.006;12.012;18.018;24.024,0.415;0.371;0.417;0.384
nonspecificSocial42DVD.mp4,0.000;6.006;12.012;18.018;24.024,6.006;12.012;18.018;24.024,0.345;0.330;0.479;0.469
nonspecificSocial43DVD.mp4,0.000;6.006;12.012;18.018;19.820;22.489;24.024,6.006;12.012;18.018;18.051;24.024,0.391;0.479;0.334;0.192;0.245
nonspecificSocial44DVD.mp4,0.000;6.006;12.012;18.018;24.024,6.006;12.012;18.018;24.024,0.515;0.456;0.404;0.339
nonspecificSocial45DVD.mp4,0.000;5.005;10.010;15.015;20.020;25.025,5.005;10.010;15.015;20.020;25.025,0.383;0.441;0.427;0.348;0.375
nonspecificSocial46DVD.mp4,0.000;5.005;10.010;15.015;20.020;25.025,5.005;10.010;15.015;20.020;25.025,0.416;0.393;0.448;0.416;0.365
nonspecificSocial47DVD.mp4,0.000;5.005;10.010;15.015;20.020;25.025,5.005;10.010;15.015;20.020;20.053;25.025,0.440;0.395;0.477;0.445;0.157;0.292
nonspecificSocial48DVD.mp4,0.000;4.304;8.609;12.913;17.217;21.521;25.826,4.304;8.609;8.642;17.217;21.521;25.826,0.458;0.365;0.199;0.312;0.408;0.343
nonspecificSocial49DVD.mp4,0.000;4.304;8.609;12.913;17.217;21.521;25.826,4.304;8.609;12.913;17.217;21.521;25.826,0.318;0.278;0.343;0.356;0.333;0.473
nonspecificSocial50DVD.mp4,0.000;4.304;8.609;12.913;17.217;21.521;25.826,4.304;8.609;12.913;17.217;21.521;25.826,0.388;0.446;0.408;0.227;0.477;0.409
play01DVD.mp4,0.000;1.068;7.508;9.309;15.015;22.523,7.508;15.015;22.523,0.192;0.520;0.324
play02DVD.mp4,0.000;2.936;4.338;6.173;8.575;12.980;17.317;21.622;23.991;25.926,4.338;8.675;12.980;21.622;25.926,0.504;0.405;0.432;0.203;0.261
play03DVD.mp4,0.000;5.305;7.508;15.015;22.523,7.508;15.015;22.523,0.219;0.294;0.191
play04DVD.mp4,0.000;8.342;14.648;15.682;24.024,,
play05DVD.mp4,0.000;8.342;10.010;18.352;20.020;27.494;28.462,10.010;20.020,0.239;0.297
play06DVD.mp4,0.000;4.304;5.739;8.275;12.913;14.348;17.217;18.685;25.859,4.304;8.609;12.913;17.217;21.521;25.859,0.356;0.298;0.345;0.487;0.348;0.270
play07DVD.mp4,0.000;8.342;10.010;18.352;20.020;23.924;25.559;29.496,10.010;20.020,0.355;0.364
play08DVD.mp4,0.000;8.342;15.015;18.318;21.054;29.396,15.015,0.413
play09DVD.mp4,0.000;8.342;14.982;23.323,14.982,0.315
play10DVD.mp4,0.000;8.342;16.683;25.025,0.167,0.336
play11DVD.mp4,0.000;7.875;12.779;21.121;29.463,,
play12DVD.mp4,0.000;1.435;3.971;8.675;10.511;12.913;17.351;20.187;21.688;25.859;28.695,4.338;8.675;17.351;21.688;25.859,0.237;0.280;0.285;0.430;0.356
play13DVD.mp4,0.000;1.802;2.870;11.211;19.553;27.895,,
play14DVD.mp4,0.000;8.342;16.683;25.025,,
play15DVD.mp4,0.000;2.469;4.338;8.675;12.479;14.448;17.351;21.054;25.859,4.338;4.371;8.675;13.013;17.351;21.688;25.859,0.339;0.182;0.181;0.331;0.281;0.155;0.317
play16DVD.mp4,0.000;4.338;8.675;13.013;15.315;17.351;21.688;25.859,4.338;8.675;13.013;17.351;21.688;25.859,0.166;0.351;0.207;0.297;0.292;0.236
play17DVD.mp4,0.000;3.203;10.010;18.352;20.020;28.362,0.033;10.010;20.020,0.156;0.274;0.259
play18DVD.mp4,0.000;8.342;9.977;18.318;19.953;28.295,0.033;9.977;19.953,0.190;0.282;0.407
play19DVD.mp4,0.000;8.342;15.015;23.357,15.015,0.446
play20DVD.mp4,0.000;1.201;2.803;5.939;7.074;12.746;14.982;18.719;21.455;29.796,14.982,0.282
play21DVD.mp4,0.000;2.236;4.004;5.706;10.511;12.446;15.015;19.920;24.191,0.033;15.015,0.200;0.325
play22DVD.mp4,0.000;8.342;9.509;17.851;20.020;28.362,20.020,0.309
play23DVD.mp4,0.000;8.342;15.015;16.550;20.487;23.557;27.494;28.996,0.033;15.015;15.048,0.152;0.297;0.171
play24DVD.mp4,0.000;8.342;14.348;22.689,15.015,0.241
play25DVD.mp4,0.000;6.240;7.975;9.476;17.818;20.020;28.362,10.010;20.020,0.240;0.274
play26DVD.mp4,0.000;7.274;10.010;18.352;20.020;28.362,10.010;20.020,0.244;0.261
play27DVD.mp4,0.000;7.674;10.010;18.352;20.020;26.827,10.010;20.020,0.342;0.433
play28DVD.mp4,0.000;7.474;14.982;20.087;22.155;27.027,7.474;14.982;22.489,0.366;0.255;0.282
play29DVD.mp4,0.000;7.508;12.112;14.982;21.054;22.489,7.508;14.982;22.489,0.225;0.335;0.347
play30DVD.mp4,0.000;7.474;12.546;14.948;22.456,7.474;14.948;22.456,0.431;0.246;0.330
play31DVD.mp4,0.000;7.508;15.015;21.088;22.523,7.508;15.015;22.523,0.389;0.338;0.208
play32DVD.mp4,0.000;5.172;7.508;15.015;21.355;22.523,7.508;15.015;22.523,0.281;0.324;0.272
play33DVD.mp4,0.000;1.702;2.903;4.271;7.508;12.379;13.213;15.015;22.523,15.015;22.523,0.286;0.255
play34DVD.mp4,0.000;4.505;5.973;7.508;14.848;22.623;23.523;24.558;26.660,7.508;15.015;22.523,0.278;0.252;0.217
play35DVD.mp4,0.000;5.472;7.508;15.015;16.517;18.485;22.523,7.508;15.015;22.523,0.390;0.438;0.250
play36DVD.mp4,0.000;2.936;5.005;10.010;15.015;20.020;24.992,5.005;10.010;15.015;20.020;24.992,0.477;0.249;0.291;0.215;0.246
play37DVD.mp4,0.000;6.006;7.741;10.210;11.078;12.012;15.415;18.018;23.991;29.296,6.006;12.012;18.018;23.991,0.356;0.233;0.318;0.258
play38DVD.mp4,0.000;4.671;8.308;9.977;14.882;19.353;23.090;24.992;29.263,9.977;14.982;15.015;19.987;24.992,0.230;0.313;0.156;0.253;0.273
play39DVD.mp4,0.000;5.005;9.209;15.015;20.020;21.521;22.556;25.025;28.262,5.005;10.010;15.015;20.020;25.025,0.275;0.426;0.443;0.390;0.153
play40DVD.mp4,0.000;5.005;10.010;15.015;18.018;20.020;25.025,0.033;5.005;10.010;15.015;20.020;25.025,0.172;0.198;0.339;0.247;0.242;0.262
play41DVD.mp4,0.000;3.704;4.938;6.006;9.710;12.012;14.815;18.018;24.024;24.858;27.928,6.006;12.012;12.045;18.018,0.241;0.361;0.176;0.254
play42DVD.mp4,0.000;3.971;6.006;12.012;18.018;22.389;24.024,6.006;12.012;12.045;18.018,0.227;0.262;0.156;0.272
play43DVD.mp4,0.000;5.005;10.010;15.015;20.020;25.025,5.005;10.010;15.015;20.020;25.025,0.271;0.289;0.393;0.322;0.363
play44DVD.mp4,0.000;3.470;5.739;11.411;18.018;24.024,6.006;12.012;18.018;24.024,0.344;0.372;0.295;0.351
play45DVD.mp4,0.000;6.006;12.012;17.985;21.655;23.957,6.006;12.012;17.985;23.957,0.238;0.253;0.248;0.167
play46DVD.mp4,0.000;6.006;12.012;18.018;24.024,6.006;12.012;18.018;24.024,0.257;0.364;0.304;0.289
play47DVD.mp4,0.000;5.973;11.979;17.117;17.985;23.991,5.973;8.442;10.344;11.979;17.985;23.991,0.271;0.157;0.181;0.202;0.180;0.191
play48DVD.mp4,0.000;6.006;12.012;17.985;21.288;23.390;29.663,4.471;5.873;6.006;6.039;12.012;17.985;23.957,0.177;0.150;0.356;0.176;0.356;0.344;0.170
play49DVD.mp4,0.000;5.005;10.010;15.015;20.020;23.690;25.025;26.627,10.010;15.015;20.020,0.299;0.212;0.254
play50DVD.mp4,0.000;5.005;10.010;15.015;20.020;25.025,5.005;10.010;15.015;20.020;25.025,0.211;0.273;0.314;0.296;0.241
sub_cam_directed01DVD.mp4,0.000;8.342;14.982;23.323,14.982,0.324
sub_cam_directed02DVD.mp4,0.000;8.342;16.683;25.025,,
sub_cam_directed03DVD.mp4,0.000;8.342;14.982;23.323,14.982,0.215
sub_cam_directed04DVD.mp4,0.000;8.342;16.683;25.025,,
sub_cam_directed05DVD.mp4,0.000;8.342;9.977;18.318;19.987;28.328,9.977;19.987,0.380;0.349
sub_cam_directed06DVD.mp4,0.000;8.342;10.010;18.352;20.020;28.362,10.010;20.020,0.391;0.376
sub_cam_directed07DVD.mp4,0.000;8.342;9.977;18.318;19.987;28.328,9.977;19.987,0.324;0.314
sub_cam_directed08DVD.mp4,0.000;8.342;10.010;18.352;20.020;28.362,10.010;20.020,0.339;0.326
sub_cam_directed09DVD.mp4,0.000;7.541;15.048;22.556,7.541;15.048;22.556,0.400;0.370;0.386
sub_cam_directed10DVD.mp4,0.000;7.508;15.015;22.523,7.508;15.015;22.523,0.324;0.346;0.376
sub_cam_directed11DVD.mp4,0.000;7.474;14.948;22.456,7.474;14.948;22.456,0.413;0.372;0.356
sub_cam_directed12DVD.mp4,0.000;7.508;15.015;22.523,7.508;15.015;22.523,0.364;0.380;0.375
sub_cam_directed13DVD.mp4,0.000;6.006;11.979;17.985;23.991,6.006;11.979;17.985;23.991,0.365;0.391;0.416;0.394
sub_cam_directed14DVD.mp4,0.000;6.039;12.045;18.051;24.024,6.039;12.045;18.051;24.024,0.356;0.349;0.412;0.407
sub_cam_directed15DVD.mp4,0.000;6.006;11.979;17.951;23.957,6.006;11.979;17.951;23.957,0.344;0.323;0.332;0.340
sub_cam_directed16DVD.mp4,0.000;6.006;12.012;18.051;24.057,6.006;12.012;18.051;24.057,0.365;0.345;0.396;0.355
sub_cam_directed17DVD.mp4,0.000;5.005;10.010;14.948;19.953;24.958,5.005;10.010;14.948;19.953;24.958,0.342;0.332;0.322;0.310;0.373
sub_cam_directed18DVD.mp4,0.000;5.005;10.010;14.982;19.987;24.992,5.005;10.010;14.982;19.987;24.992,0.319;0.367;0.424;0.361;0.326
sub_cam_directed19DVD.mp4,0.000;4.338;8.675;13.013;17.351;21.688;25.859,4.338;8.675;13.013;17.351;21.688;25.859,0.374;0.381;0.348;0.342;0.388;0.353
sub_cam_directed20DVD.mp4,0.000;4.338;8.675;12.980;17.317;21.655;25.826,4.338;8.675;12.980;17.317;21.655;25.826,0.281;0.360;0.366;0.316;0.358;0.338
