Filename,Content
00181DVD.mpg,Landscape/Flowers
00182DVD.mpg,Birds
00189DVD.mpg,Land Mammals
00191DVD.mpg,Land Mammals
00192DVD.mpg,Land Mammals
00194DVD.mpg,Landscape/Flowers
00202DVD.mpg,Landscape/Flowers
00204DVD.mpg,Landscape/Flowers
00205DVD.mpg,Landscape/Flowers
00211DVD.mpg,Landscape/Flowers
00212DVD.mpg,Landscape/Flowers
00216DVD.mpg,Birds
00221DVD.mpg,Birds
00224DVD.mpg,Marine Mammals and Fish
00225DVD.mpg,Marine Mammals and Fish
00229DVD.mpg,Marine Mammals and Fish
00230DVD.mpg,Marine Mammals and Fish
00232DVD.mpg,Landscape/Flowers
00233DVD.mpg,Landscape/Flowers
00237DVD.mpg,Land Mammals
00238DVD.mpg,Land Mammals
00256DVD.mpg,Land Mammals
00261DVD.mpg,Birds
00262DVD.mpg,Landscape/Flowers
00265DVD.mpg,Landscape/Flowers
00276DVD.mpg,Land Mammals
00287DVD.mpg,Land Mammals
00288DVD.mpg,Land Mammals
00291DVD.mpg,Land Mammals
00293DVD.mpg,Land Mammals
00295DVD.mpg,Land Mammals
00297DVD.mpg,Landscape/Flowers
00301DVD.mpg,Landscape/Flowers
00303DVD.mpg,Landscape/Flowers
00318DVD.mpg,Landscape/Flowers
00319DVD.mpg,Landscape/Flowers
00322DVD.mpg,Land Mammals
00330DVD.mpg,Land Mammals
00331DVD.mpg,Land Mammals
00332DVD.mpg,Land Mammals
00333DVD.mpg,Birds
00334DVD.mpg,Birds
00335DVD.mpg,Birds
00336DVD.mpg,Birds
00337DVD.mpg,Birds
00346DVD.mpg,Landscape/Flowers
00350DVD.mpg,Landscape/Flowers
00353DVD.mpg,Insects/Invertebrates
00364DVD.mpg,Land Mammals
00382DVD.mpg,Land Mammals
00391DVD.mpg,Insects/Invertebrates
00393DVD.mpg,Insects/Invertebrates
00396DVD.mpg,Landscape/Flowers
00397DVD.mpg,Marine Mammals and Fish
00402DVD.mpg,Marine Mammals and Fish
00403DVD.mpg,Marine Mammals and Fish
00405DVD.mpg,Landscape/Flowers
00406DVD.mpg,Landscape/Flowers
00407DVD.mpg,Landscape/Flowers
00408DVD.mpg,Marine Mammals and Fish
00422DVD.mpg,Birds
00423DVD.mpg,Birds
00424DVD.mpg,Birds
00429DVD.mpg,Land Mammals
00437DVD.mpg,Birds
00441DVD.mpg,Landscape/Flowers
00442DVD.mpg,Birds
00443DVD.mpg,Birds
00444DVD.mpg,Birds
00453DVD.mpg,Land Mammals
00463DVD.mpg,Land Mammals
00467DVD.mpg,Landscape/Flowers
00471DVD.mpg,Land Mammals
00472DVD.mpg,Landscape/Flowers
00475DVD.mpg,Land Mammals
00476DVD.mpg,Land Mammals
00481DVD.mpg,Landscape/Flowers
00482DVD.mpg,Landscape/Flowers
00485DVD.mpg,Land Mammals
00486DVD.mpg,Land Mammals
00501DVD.mpg,Land Mammals
00502DVD.mpg,Landscape/Flowers
00509DVD.mpg,Landscape/Flowers
00510DVD.mpg,Birds
00511DVD.mpg,Birds
00512DVD.mpg,Birds
00514DVD.mpg,Birds
00516DVD.mpg,Landscape/Flowers
00519DVD.mpg,Landscape/Flowers
00524DVD.mpg,Landscape/Flowers
00525DVD.mpg,Landscape/Flowers
00535DVD.mpg,Landscape/Flowers
00536DVD.mpg,Landscape/Flowers
00537DVD.mpg,Landscape/Flowers
00549DVD.mpg,Landscape/Flowers
00552DVD.mpg,Landscape/Flowers
00560DVD.mpg,Land Mammals
00561DVD.mpg,Land Mammals
00563DVD.mpg,Land Mammals
00564DVD.mpg,Insects/Invertebrates
00568DVD.mpg,Insects/Invertebrates
00570DVD.mpg,Landscape/Flowers
00572DVD.mpg,Land Mammals
00574DVD.mpg,Land Mammals
00575DVD.mpg,Land Mammals
00578DVD.mpg,Land Mammals
00594DVD.mpg,Marine Mammals and Fish
00595DVD.mpg,Marine Mammals and Fish
00596DVD.mpg,Marine Mammals and Fish
00597DVD.mpg,Marine Mammals and Fish
00600DVD.mpg,Landscape/Flowers
00602DVD.mpg,Marine Mammals and Fish
00603DVD.mpg,Landscape/Flowers
00605DVD.mpg,Marine Mammals and Fish
00606DVD.mpg,Marine Mammals and Fish
00613DVD.mpg,Marine Mammals and Fish
00618DVD.mpg,Marine Mammals and Fish
00619DVD.mpg,Marine Mammals and Fish
00623DVD.mpg,Marine Mammals and Fish
00624DVD.mpg,Marine Mammals and Fish
00627DVD.mpg,Birds
00628DVD.mpg,Birds
00632DVD.mpg,Marine Mammals and Fish
00633DVD.mpg,Landscape/Flowers
00634DVD.mpg,Landscape/Flowers
00635DVD.mpg,Marine Mammals and Fish
00636DVD.mpg,Marine Mammals and Fish
00638DVD.mpg,Marine Mammals and Fish
00641DVD.mpg,Landscape/Flowers
00649DVD.mpg,Marine Mammals and Fish
00651DVD.mpg,Marine Mammals and Fish
00653DVD.mpg,Marine Mammals and Fish
00654DVD.mpg,Marine Mammals and Fish
00655DVD.mpg,Marine Mammals and Fish
00657DVD.mpg,Marine Mammals and Fish
00658DVD.mpg,Marine Mammals and Fish
00661DVD.mpg,Birds
00669DVD.mpg,Birds
00673DVD.mpg,Marine Mammals and Fish
00683DVD.mpg,Birds
00685DVD.mpg,Landscape/Flowers
00686DVD.mpg,Landscape/Flowers
00696DVD.mpg,Landscape/Flowers
00703DVD.mpg,Landscape/Flowers
00706DVD.mpg,Birds
00711DVD.mpg,Insects/Invertebrates
00712DVD.mpg,Insects/Invertebrates
00720DVD.mpg,Land Mammals
00729DVD.mpg,Landscape/Flowers
00730DVD.mpg,Landscape/Flowers
00731DVD.mpg,Landscape/Flowers
00733DVD.mpg,Landscape/Flowers
00750DVD.mpg,Marine Mammals and Fish
00752DVD.mpg,Marine Mammals and Fish
00753DVD.mpg,Marine Mammals and Fish
00754DVD.mpg,Marine Mammals and Fish
00756DVD.mpg,Marine Mammals and Fish
00758DVD.mpg,Marine Mammals and Fish
00759DVD.mpg,Marine Mammals and Fish
00763DVD.mpg,Marine Mammals and Fish
00768DVD.mpg,Marine Mammals and Fish
00771DVD.mpg,Marine Mammals and Fish
00787DVD.mpg,Insects/Invertebrates
00788DVD.mpg,Insects/Invertebrates
00792DVD.mpg,Landscape/Flowers
00793DVD.mpg,Insects/Invertebrates
00794DVD.mpg,Insects/Invertebrates
00798DVD.mpg,Landscape/Flowers
00803DVD.mpg,Insects/Invertebrates
00808DVD.mpg,Marine Mammals and Fish
00809DVD.mpg,Marine Mammals and Fish
00810DVD.mpg,Marine Mammals and Fish
00812DVD.mpg,Birds
00813DVD.mpg,Birds
00814DVD.mpg,Birds
00821DVD.mpg,Marine Mammals and Fish
00825DVD.mpg,Marine Mammals and Fish
00827DVD.mpg,Marine Mammals and Fish
00828DVD.mpg,Marine Mammals and Fish
00829DVD.mpg,Marine Mammals and Fish
00830DVD.mpg,Marine Mammals and Fish
00838DVD.mpg,Insects/Invertebrates
00839DVD.mpg,Insects/Invertebrates
00840DVD.mpg,Landscape/Flowers
00842DVD.mpg,Landscape/Flowers
00843DVD.mpg,Landscape/Flowers
00845DVD.mpg,Land Mammals
00847DVD.mpg,Insects/Invertebrates
00861DVD.mpg,Birds
00865DVD.mpg,Landscape/Flowers
00869DVD.mpg,Marine Mammals and Fish
00885DVD.mpg,Marine Mammals and Fish
00892DVD.mpg,Marine Mammals and Fish
00893DVD.mpg,Landscape/Flowers
00894DVD.mpg,Landscape/Flowers
00903DVD.mpg,Landscape/Flowers
00907DVD.mpg,Land Mammals
00908DVD.mpg,Land Mammals
00909DVD.mpg,Land Mammals
00913DVD.mpg,Land Mammals
00916DVD.mpg,Landscape/Flowers
00921DVD.mpg,Landscape/Flowers
00922DVD.mpg,Landscape/Flowers
00926DVD.mpg,Land Mammals
00929DVD.mpg,Land Mammals
00931DVD.mpg,Land Mammals
00932DVD.mpg,Land Mammals
00938DVD.mpg,Landscape/Flowers
00939DVD.mpg,Land Mammals
00940DVD.mpg,Landscape/Flowers
00946DVD.mpg,Landscape/Flowers
00948DVD.mpg,Land Mammals
00952DVD.mpg,Land Mammals
00957DVD.mpg,Land Mammals
00965DVD.mpg,Land Mammals
00966DVD.mpg,Land Mammals
00976DVD.mpg,Landscape/Flowers
00980DVD.mpg,Landscape/Flowers
00982DVD.mpg,Insects/Invertebrates
00991DVD.mpg,Birds
01001DVD.mpg,Marine Mammals and Fish
01002DVD.mpg,Marine Mammals and Fish
01004DVD.mpg,Landscape/Flowers
01005DVD.mpg,Birds
01007DVD.mpg,Birds
01009DVD.mpg,Birds
01014DVD.mpg,Birds
01037DVD.mpg,Birds
01039DVD.mpg,Land Mammals
01040DVD.mpg,Land Mammals
01043DVD.mpg,Land Mammals
01044DVD.mpg,Marine Mammals and Fish
01052DVD.mpg,Land Mammals
01056DVD.mpg,Birds
01061DVD.mpg,Birds
01064DVD.mpg,Birds
01068DVD.mpg,Land Mammals
01073DVD.mpg,Insects/Invertebrates
01082DVD.mpg,Insects/Invertebrates
01105DVD.mpg,Insects/Invertebrates
01111DVD.mpg,Insects/Invertebrates
01113DVD.mpg,Insects/Invertebrates
01160DVD.mpg,Insects/Invertebrates
01172DVD.mpg,Insects/Invertebrates
01173DVD.mpg,Insects/Invertebrates
01181DVD.mpg,Insects/Invertebrates
01196DVD.mpg,Insects/Invertebrates
01205DVD.mpg,Insects/Invertebrates
01207DVD.mpg,Insects/Invertebrates
01215DVD.mpg,Insects/Invertebrates
01235DVD.mpg,Insects/Invertebrates
01236DVD.mpg,Insects/Invertebrates
01241DVD.mpg,Insects/Invertebrates
01268DVD.mpg,Insects/Invertebrates
01275DVD.mpg,Insects/Invertebrates
01303DVD.mpg,Insects/Invertebrates
01327DVD.mpg,Insects/Invertebrates
01328DVD.mpg,Insects/Invertebrates
01388DVD.mpg,Insects/Invertebrates
01413DVD.mpg,Insects/Invertebrates
01422DVD.mpg,Insects/Invertebrates
01425DVD.mpg,Insects/Invertebrates
01436DVD.mpg,Insects/Invertebrates
01460DVD.mpg,Landscape/Flowers
01462DVD.mpg,Insects/Invertebrates
01473DVD.mpg,Land Mammals
01474DVD.mpg,Birds
01475DVD.mpg,Birds
01476DVD.mpg,Landscape/Flowers
01477DVD.mpg,Landscape/Flowers
01478DVD.mpg,Land Mammals
01479DVD.mpg,Land Mammals
01480DVD.mpg,Land Mammals
01481DVD.mpg,Birds
01482DVD.mpg,Landscape/Flowers
01483DVD.mpg,Landscape/Flowers
01484DVD.mpg,Birds
01485DVD.mpg,Landscape/Flowers
01486DVD.mpg,Landscape/Flowers
01487DVD.mpg,Landscape/Flowers
01488DVD.mpg,Landscape/Flowers
01489DVD.mpg,Landscape/Flowers
01490DVD.mpg,Landscape/Flowers
01491DVD.mpg,Landscape/Flowers
01492DVD.mpg,Landscape/Flowers
01493DVD.mpg,Landscape/Flowers
01494DVD.mpg,Birds
01495DVD.mpg,Landscape/Flowers
01496DVD.mpg,Land Mammals
01497DVD.mpg,Birds
01498DVD.mpg,Birds
01499DVD.mpg,Birds
01500DVD.mpg,Land Mammals
01501DVD.mpg,Birds
01502DVD.mpg,Land Mammals
01503DVD.mpg,Birds
01504DVD.mpg,Birds
01505DVD.mpg,Birds
01506DVD.mpg,Birds
01507DVD.mpg,Birds
aggr_cam_directed01DVD.mpg,Aggressive Camera Directed
aggr_cam_directed02DVD.mpg,Aggressive Camera Directed
aggr_cam_directed03DVD.mpg,Aggressive Camera Directed
aggr_cam_directed04DVD.mpg,Aggressive Camera Directed
aggr_cam_directed05DVD.mpg,Aggressive Camera Directed
aggr_cam_directed06DVD.mpg,Aggressive Camera Directed
aggr_cam_directed07DVD.mpg,Aggressive Camera Directed
aggr_cam_directed08DVD.mpg,Aggressive Camera Directed
aggr_cam_directed09DVD.mpg,Aggressive Camera Directed
aggr_cam_directed10DVD.mpg,Aggressive Camera Directed
aggr_cam_directed11DVD.mpg,Aggressive Camera Directed
aggr_cam_directed12DVD.mpg,Aggressive Camera Directed
aggr_cam_directed13DVD.mpg,Aggressive Camera Directed
aggr_cam_directed14DVD.mpg,Aggressive Camera Directed
aggr_cam_directed15DVD.mpg,Aggressive Camera Directed
aggr_cam_directed16DVD.mpg,Aggressive Camera Directed
aggr_cam_directed17DVD.mpg,Aggressive Camera Directed
aggr_cam_directed18DVD.mpg,Aggressive Camera Directed
aggr_cam_directed19DVD.mpg,Aggressive Camera Directed
aggr_cam_directed20DVD.mpg,Aggressive Camera Directed
aggression01DVD.mpg,Aggression
aggression02DVD.mpg,Aggression
aggression03DVD.mpg,Aggression
aggression04DVD.mpg,Aggression
aggression05DVD.mpg,Aggression
aggression06DVD.mpg,Aggression
aggression07DVD.mpg,Aggression
aggression08DVD.mpg,Aggression
aggression09DVD.mpg,Aggression
aggression10DVD.mpg,Aggression
aggression11DVD.mpg,Aggression
aggression12DVD.mpg,Aggression
aggression13DVD.mpg,Aggression
aggression14DVD.mpg,Aggression
aggression15DVD.mpg,Aggression
aggression16DVD.mpg,Aggression
aggression17DVD.mpg,Aggression
aggression18DVD.mpg,Aggression
aggression19DVD.mpg,Aggression
aggression20DVD.mpg,Aggression
aggression21DVD.mpg,Aggression
aggression22DVD.mpg,Aggression
aggression23DVD.mpg,Aggression
aggression24DVD.mpg,Aggression
aggression25DVD.mpg,Aggression
foraging01DVD.mpg,Foraging
foraging02DVD.mpg,Foraging
foraging03DVD.mpg,Foraging
foraging04DVD.mpg,Foraging
foraging05DVD.mpg,Foraging
foraging06DVD.mpg,Foraging
foraging07DVD.mpg,Foraging
foraging08DVD.mpg,Foraging
foraging09DVD.mpg,Foraging
foraging10DVD.mpg,Foraging
foraging11DVD.mpg,Foraging
foraging12DVD.mpg,Foraging
foraging13DVD.mpg,Foraging
foraging14DVD.mpg,Foraging
foraging15DVD.mpg,Foraging
foraging16DVD.mpg,Foraging
foraging17DVD.mpg,Foraging
foraging18DVD.mpg,Foraging
foraging19DVD.mpg,Foraging
foraging20DVD.mpg,Foraging
foraging21DVD.mpg,Foraging
foraging22DVD.mpg,Foraging
foraging23DVD.mpg,Foraging
foraging24DVD.mpg,Foraging
foraging25DVD.mpg,Foraging
foraging26DVD.mpg,Foraging
foraging27DVD.mpg,Foraging
foraging28DVD.mpg,Foraging
foraging29DVD.mpg,Foraging
foraging30DVD.mpg,Foraging
foraging31DVD.mpg,Foraging
foraging32DVD.mpg,Foraging
foraging33DVD.mpg,Foraging
foraging34DVD.mpg,Foraging
foraging35DVD.mpg,Foraging
foraging36DVD.mpg,Foraging
foraging37DVD.mpg,Foraging
foraging38DVD.mpg,Foraging
foraging39DVD.mpg,Foraging
foraging40DVD.mpg,Foraging
foraging41DVD.mpg,Foraging
foraging42DVD.mpg,Foraging
foraging43DVD.mpg,Foraging
foraging44DVD.mpg,Foraging
foraging45DVD.mpg,Foraging
foraging46DVD.mpg,Foraging
foraging47DVD.mpg,Foraging
foraging48DVD.mpg,Foraging
foraging49DVD.mpg,Foraging
foraging50DVD.mpg,Foraging
grooming01DVD.mpg,Grooming
grooming02DVD.mpg,Grooming
grooming03DVD.mpg,Grooming
grooming04DVD.mpg,Grooming
grooming05DVD.mpg,Grooming
grooming06DVD.mpg,Grooming
grooming07DVD.mpg,Grooming
grooming08DVD.mpg,Grooming
grooming09DVD.mpg,Grooming
grooming10DVD.mpg,Grooming
grooming11DVD.mpg,Grooming
grooming12DVD.mpg,Grooming
grooming13DVD.mpg,Grooming
grooming14DVD.mpg,Grooming
grooming15DVD.mpg,Grooming
grooming16DVD.mpg,Grooming
grooming17DVD.mpg,Grooming
grooming18DVD.mpg,Grooming
grooming19DVD.mpg,Grooming
grooming20DVD.mpg,Grooming
grooming21DVD.mpg,Grooming
grooming22DVD.mpg,Grooming
grooming23DVD.mpg,Grooming
grooming24DVD.mpg,Grooming
grooming25DVD.mpg,Grooming
grooming26DVD.mpg,Grooming
grooming27DVD.mpg,Grooming
grooming28DVD.mpg,Grooming
grooming29DVD.mpg,Grooming
grooming30DVD.mpg,Grooming
grooming31DVD.mpg,Grooming
grooming32DVD.mpg,Grooming
grooming33DVD.mpg,Grooming
grooming34DVD.mpg,Grooming
grooming35DVD.mpg,Grooming
grooming36DVD.mpg,Grooming
grooming37DVD.mpg,Grooming
grooming38DVD.mpg,Grooming
grooming39DVD.mpg,Grooming
grooming40DVD.mpg,Grooming
grooming41DVD.mpg,Grooming
grooming42DVD.mpg,Grooming
grooming43DVD.mpg,Grooming
grooming44DVD.mpg,Grooming
grooming45DVD.mpg,Grooming
grooming46DVD.mpg,Grooming
grooming47DVD.mpg,Grooming
grooming48DVD.mpg,Grooming
grooming49DVD.mpg,Grooming
grooming50DVD.mpg,Grooming
mounting01DVD.mpg,Mounting
mounting02DVD.mpg,Mounting
mounting03DVD.mpg,Mounting
mounting04DVD.mpg,Mounting
mounting05DVD.mpg,Mounting
mounting06DVD.mpg,Mounting
mounting07DVD.mpg,Mounting
mounting08DVD.mpg,Mounting
mounting09DVD.mpg,Mounting
mounting10DVD.mpg,Mounting
mounting11DVD.mpg,Mounting
mounting12DVD.mpg,Mounting
mounting13DVD.mpg,Mounting
mounting14DVD.mpg,Mounting
mounting15DVD.mpg,Mounting
neutral_cam_directed01DVD.mpg,Neutral Camera Directed
neutral_cam_directed02DVD.mpg,Neutral Camera Directed
neutral_cam_directed03DVD.mpg,Neutral Camera Directed
neutral_cam_directed04DVD.mpg,Neutral Camera Directed
neutral_cam_directed05DVD.mpg,Neutral Camera Directed
neutral_cam_directed06DVD.mpg,Neutral Camera Directed
neutral_cam_directed07DVD.mpg,Neutral Camera Directed
neutral_cam_directed08DVD.mpg,Neutral Camera Directed
neutral_cam_directed09DVD.mpg,Neutral Camera Directed
neutral_cam_directed10DVD.mpg,Neutral Camera Directed
neutral_cam_directed11DVD.mpg,Neutral Camera Directed
neutral_cam_directed12DVD.mpg,Neutral Camera Directed
neutral_cam_directed13DVD.mpg,Neutral Camera Directed
neutral_cam_directed14DVD.mpg,Neutral Camera Directed
neutral_cam_directed15DVD.mpg,Neutral Camera Directed
neutral_cam_directed16DVD.mpg,Neutral Camera Directed
neutral_cam_directed17DVD.mpg,Neutral Camera Directed
neutral_cam_directed18DVD.mpg,Neutral Camera Directed
neutral_cam_directed19DVD.mpg,Neutral Camera Directed
neutral_cam_directed20DVD.mpg,Neutral Camera Directed
nonspecificSocial01DVD.mpg,Nonspecific Social
nonspecificSocial02DVD.mpg,Nonspecific Social
nonspecificSocial03DVD.mpg,Nonspecific Social
nonspecificSocial04DVD.mpg,Nonspecific Social
nonspecificSocial05DVD.mpg,Nonspecific Social
nonspecificSocial06DVD.mpg,Nonspecific Social
nonspecificSocial07DVD.mpg,Nonspecific Social
nonspecificSocial08DVD.mpg,Nonspecific Social
nonspecificSocial09DVD.mpg,Nonspecific Social
nonspecificSocial10DVD.mpg,Nonspecific Social
nonspecificSocial11DVD.mpg,Nonspecific Social
nonspecificSocial12DVD.mpg,Nonspecific Social
nonspecificSocial13DVD.mpg,Nonspecific Social
nonspecificSocial14DVD.mpg,Nonspecific Social
nonspecificSocial15DVD.mpg,Nonspecific Social
nonspecificSocial16DVD.mpg,Nonspecific Social
nonspecificSocial17DVD.mpg,Nonspecific Social
nonspecificSocial18DVD.mpg,Nonspecific Social
nonspecificSocial19DVD.mpg,Nonspecific Social
nonspecificSocial20DVD.mpg,Nonspecific Social
nonspecificSocial21DVD.mpg,Nonspecific Social
nonspecificSocial22DVD.mpg,Nonspecific Social
nonspecificSocial23DVD.mpg,Nonspecific Social
nonspecificSocial24DVD.mpg,Nonspecific Social
nonspecificSocial25DVD.mpg,Nonspecific Social
nonspecificSocial26DVD.mpg,Nonspecific Social
nonspecificSocial27DVD.mpg,Nonspecific Social
nonspecificSocial28DVD.mpg,Nonspecific Social
nonspecificSocial29DVD.mpg,Nonspecific Social
nonspecificSocial30DVD.mpg,Nonspecific Social
nonspecificSocial31DVD.mpg,Nonspecific Social
nonspecificSocial32DVD.mpg,Nonspecific Social
nonspecificSocial33DVD.mpg,Nonspecific Social
nonspecificSocial34DVD.mpg,Nonspecific Social
nonspecificSocial35DVD.mpg,Nonspecific Social
nonspecificSocial36DVD.mpg,Nonspecific Social
nonspecificSocial37DVD.mpg,Nonspecific Social
nonspecificSocial38DVD.mpg,Nonspecific Social
nonspecificSocial39DVD.mpg,Nonspecific Social
nonspecificSocial40DVD.mpg,Nonspecific Social
nonspecificSocial41DVD.mpg,Nonspecific Social
nonspecificSocial42DVD.mpg,Nonspecific Social
nonspecificSocial43DVD.mpg,Nonspecific Social
nonspecificSocial44DVD.mpg,Nonspecific Social
nonspecificSocial45DVD.mpg,Nonspecific Social
nonspecificSocial46DVD.mpg,Nonspecific Social
nonspecificSocial47DVD.mpg,Nonspecific Social
nonspecificSocial48DVD.mpg,Nonspecific Social
nonspecificSocial49DVD.mpg,Nonspecific Social
nonspecificSocial50DVD.mpg,Nonspecific Social
play01DVD.mpg,Play
play02DVD.mpg,Play
play03DVD.mpg,Play
play04DVD.mpg,Play
play05DVD.mpg,Play
play06DVD.mpg,Play
play07DVD.mpg,Play
play08DVD.mpg,Play
play09DVD.mpg,Play
play10DVD.mpg,Play
play11DVD.mpg,Play
play12DVD.mpg,Play
play13DVD.mpg,Play
play14DVD.mpg,Play
play15DVD.mpg,Play
play16DVD.mpg,Play
play17DVD.mpg,Play
play18DVD.mpg,Play
play19DVD.mpg,Play
play20DVD.mpg,Play
play21DVD.mpg,Play
play22DVD.mpg,Play
play23DVD.mpg,Play
play24DVD.mpg,Play
play25DVD.mpg,Play
play26DVD.mpg,Play
play27DVD.mpg,Play
play28DVD.mpg,Play
play29DVD.mpg,Play
play30DVD.mpg,Play
play31DVD.mpg,Play
play32DVD.mpg,Play
play33DVD.mpg,Play
play34DVD.mpg,Play
play35DVD.mpg,Play
play36DVD.mpg,Play
play37DVD.mpg,Play
play38DVD.mpg,Play
play39DVD.mpg,Play
play40DVD.mpg,Play
play41DVD.mpg,Play
play42DVD.mpg,Play
play43DVD.mpg,Play
play44DVD.mpg,Play
play45DVD.mpg,Play
play46DVD.mpg,Play
play47DVD.mpg,Play
play48DVD.mpg,Play
play49DVD.mpg,Play
play50DVD.mpg,Play
sub_cam_directed01DVD.mpg,Submissive Camera Directed
sub_cam_directed02DVD.mpg,Submissive Camera Directed
sub_cam_directed03DVD.mpg,Submissive Camera Directed
sub_cam_directed04DVD.mpg,Submissive Camera Directed
sub_cam_directed05DVD.mpg,Submissive Camera Directed
sub_cam_directed06DVD.mpg,Submissive Camera Directed
sub_cam_directed07DVD.mpg,Submissive Camera Directed
sub_cam_directed08DVD.mpg,Submissive Camera Directed
sub_cam_directed09DVD.mpg,Submissive Camera Directed
sub_cam_directed10DVD.mpg,Submissive Camera Directed
sub_cam_directed11DVD.mpg,Submissive Camera Directed
sub_cam_directed12DVD.mpg,Submissive Camera Directed
sub_cam_directed13DVD.mpg,Submissive Camera Directed
sub_cam_directed14DVD.mpg,Submissive Camera Directed
sub_cam_directed15DVD.mpg,Submissive Camera Directed
sub_cam_directed16DVD.mpg,Submissive Camera Directed
sub_cam_directed17DVD.mpg,Submissive Camera Directed
sub_cam_directed18DVD.mpg,Submissive Camera Directed
sub_cam_directed19DVD.mpg,Submissive Camera Directed
sub_cam_directed20DVD.mpg,Submissive Camera Directed
