filename,video_all,video_nature,video_social_directed,video_social_undir,video_boundary,video_clipped,pilot_ready
00181DVD.mpg,1,1,0,0,0,0,1
00181DVD_1.mp4,0,0,0,0,0,1,0
00181DVD_2.mp4,0,0,0,0,0,1,0
00182DVD.mpg,1,1,0,0,0,0,1
00182DVD_1.mp4,0,0,0,0,0,1,0
00182DVD_2.mp4,0,0,0,0,0,1,0
00189DVD.mpg,1,1,0,0,0,0,1
00191DVD.mpg,1,1,0,0,0,0,0
00192DVD.mpg,1,1,0,0,0,0,0
00194DVD.mpg,1,1,0,0,0,0,0
00202DVD.mpg,1,1,0,0,0,0,0
00202DVD_1.mp4,0,0,0,0,0,1,0
00202DVD_2.mp4,0,0,0,0,0,1,0
00204DVD.mpg,1,1,0,0,0,0,0
00205DVD.mpg,1,1,0,0,0,0,0
00211DVD.mpg,1,1,0,0,0,0,0
00212DVD.mpg,1,1,0,0,0,0,0
00216DVD.mpg,1,1,0,0,0,0,0
00221DVD.mpg,1,1,0,0,0,0,0
00224DVD.mpg,1,1,0,0,0,0,0
00225DVD.mpg,1,1,0,0,0,0,0
00229DVD.mpg,1,1,0,0,0,0,0
00230DVD.mpg,1,1,0,0,0,0,0
00232DVD.mpg,1,1,0,0,0,0,0
00233DVD.mpg,1,1,0,0,0,0,0
00237DVD.mpg,1,1,0,0,0,0,0
00238DVD.mpg,1,1,0,0,0,0,0
00256DVD.mpg,1,1,0,0,0,0,0
00261DVD.mpg,1,1,0,0,0,0,0
00262DVD.mpg,1,1,0,0,0,0,0
00265DVD.mpg,1,1,0,0,0,0,0
00276DVD.mpg,1,1,0,0,0,0,0
00287DVD.mpg,1,1,0,0,0,0,0
00288DVD.mpg,1,1,0,0,0,0,0
00291DVD.mpg,1,1,0,0,0,0,0
00293DVD.mpg,1,1,0,0,0,0,0
00295DVD.mpg,1,1,0,0,0,0,0
00297DVD.mpg,1,1,0,0,0,0,0
00301DVD.mpg,1,1,0,0,0,0,0
00303DVD.mpg,1,1,0,0,0,0,0
00318DVD.mpg,1,1,0,0,0,0,0
00319DVD.mpg,1,1,0,0,0,0,0
00322DVD.mpg,1,1,0,0,0,0,0
00330DVD.mpg,1,1,0,0,0,0,0
00331DVD.mpg,1,1,0,0,0,0,0
00332DVD.mpg,1,1,0,0,0,0,0
00333DVD.mpg,1,1,0,0,0,0,0
00334DVD.mpg,1,1,0,0,0,0,0
00335DVD.mpg,1,1,0,0,0,0,0
00336DVD.mpg,1,1,0,0,0,0,0
00337DVD.mpg,1,1,0,0,0,0,0
00346DVD.mpg,1,1,0,0,0,0,0
00350DVD.mpg,1,1,0,0,0,0,0
00353DVD.mpg,1,1,0,0,0,0,0
00364DVD.mpg,1,1,0,0,0,0,0
00382DVD.mpg,1,1,0,0,0,0,0
00391DVD.mpg,1,1,0,0,0,0,0
00393DVD.mpg,1,1,0,0,0,0,0
00396DVD.mpg,1,1,0,0,0,0,0
00397DVD.mpg,1,1,0,0,0,0,0
00402DVD.mpg,1,1,0,0,0,0,0
00403DVD.mpg,1,1,0,0,0,0,0
00405DVD.mpg,1,1,0,0,0,0,0
00406DVD.mpg,1,1,0,0,0,0,0
00407DVD.mpg,1,1,0,0,0,0,0
00408DVD.mpg,1,1,0,0,0,0,0
00422DVD.mpg,1,1,0,0,0,0,0
00423DVD.mpg,1,1,0,0,0,0,0
00424DVD.mpg,1,1,0,0,0,0,0
00429DVD.mpg,1,1,0,0,0,0,0
00437DVD.mpg,1,1,0,0,0,0,0
00441DVD.mpg,1,1,0,0,0,0,0
00442DVD.mpg,1,1,0,0,0,0,0
00443DVD.mpg,1,1,0,0,0,0,0
00444DVD.mpg,1,1,0,0,0,0,0
00453DVD.mpg,1,1,0,0,0,0,0
00463DVD.mpg,1,1,0,0,0,0,0
00467DVD.mpg,1,1,0,0,0,0,0
00471DVD.mpg,1,1,0,0,0,0,0
00472DVD.mpg,1,1,0,0,0,0,0
00475DVD.mpg,1,1,0,0,0,0,0
00476DVD.mpg,1,1,0,0,0,0,0
00481DVD.mpg,1,1,0,0,0,0,0
00482DVD.mpg,1,1,0,0,0,0,0
00485DVD.mpg,1,1,0,0,0,0,0
00486DVD.mpg,1,1,0,0,0,0,0
00501DVD.mpg,1,1,0,0,0,0,0
00502DVD.mpg,1,1,0,0,0,0,0
00509DVD.mpg,1,1,0,0,0,0,0
00510DVD.mpg,1,1,0,0,0,0,0
00511DVD.mpg,1,1,0,0,0,0,0
00512DVD.mpg,1,1,0,0,0,0,0
00514DVD.mpg,1,1,0,0,0,0,0
00516DVD.mpg,1,1,0,0,0,0,0
00519DVD.mpg,1,1,0,0,0,0,0
00524DVD.mpg,1,1,0,0,0,0,0
00525DVD.mpg,1,1,0,0,0,0,0
00535DVD.mpg,1,1,0,0,0,0,0
00536DVD.mpg,1,1,0,0,0,0,0
00537DVD.mpg,1,1,0,0,0,0,0
00549DVD.mpg,1,1,0,0,0,0,0
00552DVD.mpg,1,1,0,0,0,0,0
00560DVD.mpg,1,1,0,0,0,0,0
00561DVD.mpg,1,1,0,0,0,0,0
00563DVD.mpg,1,1,0,0,0,0,0
00564DVD.mpg,1,1,0,0,0,0,0
00568DVD.mpg,1,1,0,0,0,0,0
00570DVD.mpg,1,1,0,0,0,0,0
00572DVD.mpg,1,1,0,0,0,0,0
00574DVD.mpg,1,1,0,0,0,0,0
00575DVD.mpg,1,1,0,0,0,0,0
00578DVD.mpg,1,1,0,0,0,0,0
00594DVD.mpg,1,1,0,0,0,0,0
00595DVD.mpg,1,1,0,0,0,0,0
00596DVD.mpg,1,1,0,0,0,0,0
00597DVD.mpg,1,1,0,0,0,0,0
00600DVD.mpg,1,1,0,0,0,0,0
00602DVD.mpg,1,1,0,0,0,0,0
00603DVD.mpg,1,1,0,0,0,0,0
00605DVD.mpg,1,1,0,0,0,0,0
00606DVD.mpg,1,1,0,0,0,0,0
00613DVD.mpg,1,1,0,0,0,0,0
00618DVD.mpg,1,1,0,0,0,0,0
00619DVD.mpg,1,1,0,0,0,0,0
00623DVD.mpg,1,1,0,0,0,0,0
00624DVD.mpg,1,1,0,0,0,0,0
00627DVD.mpg,1,1,0,0,0,0,0
00628DVD.mpg,1,1,0,0,0,0,0
00632DVD.mpg,1,1,0,0,0,0,0
00633DVD.mpg,1,1,0,0,0,0,0
00634DVD.mpg,1,1,0,0,0,0,0
00635DVD.mpg,1,1,0,0,0,0,0
00636DVD.mpg,1,1,0,0,0,0,0
00638DVD.mpg,1,1,0,0,0,0,0
00641DVD.mpg,1,1,0,0,0,0,0
00649DVD.mpg,1,1,0,0,0,0,0
00651DVD.mpg,1,1,0,0,0,0,0
00653DVD.mpg,1,1,0,0,0,0,0
00654DVD.mpg,1,1,0,0,0,0,0
00655DVD.mpg,1,1,0,0,0,0,0
00657DVD.mpg,1,1,0,0,0,0,0
00658DVD.mpg,1,1,0,0,0,0,0
00661DVD.mpg,1,1,0,0,0,0,0
00669DVD.mpg,1,1,0,0,0,0,0
00673DVD.mpg,1,1,0,0,0,0,0
00683DVD.mpg,1,1,0,0,0,0,0
00685DVD.mpg,1,1,0,0,0,0,0
00686DVD.mpg,1,1,0,0,0,0,0
00696DVD.mpg,1,1,0,0,0,0,0
00703DVD.mpg,1,1,0,0,0,0,0
00706DVD.mpg,1,1,0,0,0,0,0
00711DVD.mpg,1,1,0,0,0,0,0
00712DVD.mpg,1,1,0,0,0,0,0
00720DVD.mpg,1,1,0,0,0,0,0
00729DVD.mpg,1,1,0,0,0,0,0
00730DVD.mpg,1,1,0,0,0,0,0
00731DVD.mpg,1,1,0,0,0,0,0
00733DVD.mpg,1,1,0,0,0,0,0
00750DVD.mpg,1,1,0,0,0,0,0
00752DVD.mpg,1,1,0,0,0,0,0
00753DVD.mpg,1,1,0,0,0,0,0
00754DVD.mpg,1,1,0,0,0,0,0
00756DVD.mpg,1,1,0,0,0,0,0
00758DVD.mpg,1,1,0,0,0,0,0
00759DVD.mpg,1,1,0,0,0,0,0
00763DVD.mpg,1,1,0,0,0,0,0
00768DVD.mpg,1,1,0,0,0,0,0
00771DVD.mpg,1,1,0,0,0,0,0
00787DVD.mpg,1,1,0,0,0,0,0
00788DVD.mpg,1,1,0,0,0,0,0
00792DVD.mpg,1,1,0,0,0,0,0
00793DVD.mpg,1,1,0,0,0,0,0
00794DVD.mpg,1,1,0,0,0,0,0
00798DVD.mpg,1,1,0,0,0,0,0
00803DVD.mpg,1,1,0,0,0,0,0
00808DVD.mpg,1,1,0,0,0,0,0
00809DVD.mpg,1,1,0,0,0,0,0
00810DVD.mpg,1,1,0,0,0,0,0
00812DVD.mpg,1,1,0,0,0,0,0
00813DVD.mpg,1,1,0,0,0,0,0
00814DVD.mpg,1,1,0,0,0,0,0
00821DVD.mpg,1,1,0,0,0,0,0
00825DVD.mpg,1,1,0,0,0,0,0
00827DVD.mpg,1,1,0,0,0,0,0
00828DVD.mpg,1,1,0,0,0,0,0
00829DVD.mpg,1,1,0,0,0,0,0
00830DVD.mpg,1,1,0,0,0,0,0
00838DVD.mpg,1,1,0,0,0,0,0
00839DVD.mpg,1,1,0,0,0,0,0
00840DVD.mpg,1,1,0,0,0,0,0
00842DVD.mpg,1,1,0,0,0,0,0
00843DVD.mpg,1,1,0,0,0,0,0
00845DVD.mpg,1,1,0,0,0,0,0
00847DVD.mpg,1,1,0,0,0,0,0
00861DVD.mpg,1,1,0,0,0,0,0
00865DVD.mpg,1,1,0,0,0,0,0
00869DVD.mpg,1,1,0,0,0,0,0
00885DVD.mpg,1,1,0,0,0,0,0
00892DVD.mpg,1,1,0,0,0,0,0
00893DVD.mpg,1,1,0,0,0,0,0
00894DVD.mpg,1,1,0,0,0,0,0
00903DVD.mpg,1,1,0,0,0,0,0
00907DVD.mpg,1,1,0,0,0,0,0
00908DVD.mpg,1,1,0,0,0,0,0
00909DVD.mpg,1,1,0,0,0,0,0
00913DVD.mpg,1,1,0,0,0,0,0
00916DVD.mpg,1,1,0,0,0,0,0
00921DVD.mpg,1,1,0,0,0,0,0
00922DVD.mpg,1,1,0,0,0,0,0
00926DVD.mpg,1,1,0,0,0,0,0
00929DVD.mpg,1,1,0,0,0,0,0
00931DVD.mpg,1,1,0,0,0,0,0
00932DVD.mpg,1,1,0,0,0,0,0
00938DVD.mpg,1,1,0,0,0,0,0
00939DVD.mpg,1,1,0,0,0,0,0
00940DVD.mpg,1,1,0,0,0,0,0
00946DVD.mpg,1,1,0,0,0,0,0
00948DVD.mpg,1,1,0,0,0,0,0
00952DVD.mpg,1,1,0,0,0,0,0
00957DVD.mpg,1,1,0,0,0,0,0
00965DVD.mpg,1,1,0,0,0,0,0
00966DVD.mpg,1,1,0,0,0,0,0
00976DVD.mpg,1,1,0,0,0,0,0
00980DVD.mpg,1,1,0,0,0,0,0
00982DVD.mpg,1,1,0,0,0,0,0
00991DVD.mpg,1,1,0,0,0,0,0
01001DVD.mpg,1,1,0,0,0,0,0
01002DVD.mpg,1,1,0,0,0,0,0
01004DVD.mpg,1,1,0,0,0,0,0
01005DVD.mpg,1,1,0,0,0,0,0
01007DVD.mpg,1,1,0,0,0,0,0
01009DVD.mpg,1,1,0,0,0,0,0
01014DVD.mpg,1,1,0,0,0,0,0
01037DVD.mpg,1,1,0,0,0,0,0
01039DVD.mpg,1,1,0,0,0,0,0
01040DVD.mpg,1,1,0,0,0,0,0
01043DVD.mpg,1,1,0,0,0,0,0
01044DVD.mpg,1,1,0,0,0,0,0
01052DVD.mpg,1,1,0,0,0,0,0
01056DVD.mpg,1,1,0,0,0,0,0
01061DVD.mpg,1,1,0,0,0,0,0
01064DVD.mpg,1,1,0,0,0,0,0
01068DVD.mpg,1,1,0,0,0,0,0
01073DVD.mpg,1,1,0,0,0,0,0
01082DVD.mpg,1,1,0,0,0,0,0
01105DVD.mpg,1,1,0,0,0,0,0
01111DVD.mpg,1,1,0,0,0,0,0
01113DVD.mpg,1,1,0,0,0,0,0
01160DVD.mpg,1,1,0,0,0,0,0
01172DVD.mpg,1,1,0,0,0,0,0
01173DVD.mpg,1,1,0,0,0,0,0
01181DVD.mpg,1,1,0,0,0,0,0
01196DVD.mpg,1,1,0,0,0,0,0
01205DVD.mpg,1,1,0,0,0,0,0
01207DVD.mpg,1,1,0,0,0,0,0
01215DVD.mpg,1,1,0,0,0,0,0
01235DVD.mpg,1,1,0,0,0,0,0
01236DVD.mpg,1,1,0,0,0,0,0
01241DVD.mpg,1,1,0,0,0,0,0
01268DVD.mpg,1,1,0,0,0,0,0
01275DVD.mpg,1,1,0,0,0,0,0
01303DVD.mpg,1,1,0,0,0,0,0
01327DVD.mpg,1,1,0,0,0,0,0
01328DVD.mpg,1,1,0,0,0,0,0
01388DVD.mpg,1,1,0,0,0,0,0
01413DVD.mpg,1,1,0,0,0,0,0
01422DVD.mpg,1,1,0,0,0,0,0
01425DVD.mpg,1,1,0,0,0,0,0
01436DVD.mpg,1,1,0,0,0,0,0
01460DVD.mpg,1,1,0,0,0,0,0
01462DVD.mpg,1,1,0,0,0,0,0
01473DVD.mpg,1,1,0,0,0,0,0
01474DVD.mpg,1,1,0,0,0,0,0
01475DVD.mpg,1,1,0,0,0,0,0
01476DVD.mpg,1,1,0,0,0,0,0
01477DVD.mpg,1,1,0,0,0,0,0
01478DVD.mpg,1,1,0,0,0,0,0
01479DVD.mpg,1,1,0,0,0,0,0
01480DVD.mpg,1,1,0,0,0,0,0
01481DVD.mpg,1,1,0,0,0,0,0
01482DVD.mpg,1,1,0,0,0,0,0
01483DVD.mpg,1,1,0,0,0,0,0
01484DVD.mpg,1,1,0,0,0,0,0
01485DVD.mpg,1,1,0,0,0,0,0
01486DVD.mpg,1,1,0,0,0,0,0
01487DVD.mpg,1,1,0,0,0,0,0
01488DVD.mpg,1,1,0,0,0,0,0
01489DVD.mpg,1,1,0,0,0,0,0
01490DVD.mpg,1,1,0,0,0,0,0
01491DVD.mpg,1,1,0,0,0,0,0
01492DVD.mpg,1,1,0,0,0,0,0
01493DVD.mpg,1,1,0,0,0,0,0
01494DVD.mpg,1,1,0,0,0,0,0
01495DVD.mpg,1,1,0,0,0,0,0
01496DVD.mpg,1,1,0,0,0,0,0
01497DVD.mpg,1,1,0,0,0,0,0
01498DVD.mpg,1,1,0,0,0,0,0
01499DVD.mpg,1,1,0,0,0,0,0
01500DVD.mpg,1,1,0,0,0,0,0
01501DVD.mpg,1,1,0,0,0,0,0
01502DVD.mpg,1,1,0,0,0,0,0
01503DVD.mpg,1,1,0,0,0,0,0
01504DVD.mpg,1,1,0,0,0,0,0
01505DVD.mpg,1,1,0,0,0,0,0
01506DVD.mpg,1,1,0,0,0,0,0
01507DVD.mpg,1,1,0,0,0,0,0
aggr_cam_directed01DVD.mpg,1,0,1,0,0,0,0
aggr_cam_directed01DVD_1.mp4,0,0,0,0,0,1,0
aggr_cam_directed01DVD_2.mp4,0,0,0,0,0,1,0
aggr_cam_directed02DVD.mpg,1,0,1,0,0,0,0
aggr_cam_directed03DVD.mpg,1,0,1,0,0,0,0
aggr_cam_directed04DVD.mpg,1,0,1,0,0,0,0
aggr_cam_directed05DVD.mpg,1,0,1,0,0,0,0
aggr_cam_directed06DVD.mpg,1,0,1,0,0,0,0
aggr_cam_directed07DVD.mpg,1,0,1,0,0,0,0
aggr_cam_directed08DVD.mpg,1,0,1,0,0,0,0
aggr_cam_directed09DVD.mpg,1,0,1,0,0,0,0
aggr_cam_directed10DVD.mpg,1,0,1,0,0,0,0
aggr_cam_directed11DVD.mpg,1,0,1,0,0,0,0
aggr_cam_directed12DVD.mpg,1,0,1,0,0,0,0
aggr_cam_directed13DVD.mpg,1,0,1,0,0,0,0
aggr_cam_directed14DVD.mpg,1,0,1,0,0,0,0
aggr_cam_directed15DVD.mpg,1,0,1,0,0,0,0
aggr_cam_directed16DVD.mpg,1,0,1,0,0,0,0
aggr_cam_directed17DVD.mpg,1,0,1,0,0,0,0
aggr_cam_directed18DVD.mpg,1,0,1,0,0,0,0
aggr_cam_directed19DVD.mpg,1,0,1,0,0,0,0
aggr_cam_directed20DVD.mpg,1,0,1,0,0,0,0
aggression01DVD.mpg,1,0,0,1,0,0,0
aggression01DVD_1.mp4,0,0,0,0,0,1,0
aggression01DVD_2.mp4,0,0,0,0,0,1,0
aggression02DVD.mpg,1,0,0,1,0,0,0
aggression03DVD.mpg,1,0,0,1,0,0,0
aggression04DVD.mpg,1,0,0,1,0,0,0
aggression05DVD.mpg,1,0,0,1,0,0,0
aggression06DVD.mpg,1,0,0,1,0,0,0
aggression07DVD.mpg,1,0,0,1,0,0,0
aggression08DVD.mpg,1,0,0,1,0,0,0
aggression09DVD.mpg,1,0,0,1,0,0,0
aggression10DVD.mpg,1,0,0,1,0,0,0
aggression11DVD.mpg,1,0,0,1,0,0,0
aggression12DVD.mpg,1,0,0,1,0,0,0
aggression13DVD.mpg,1,0,0,1,0,0,0
aggression14DVD.mpg,1,0,0,1,0,0,0
aggression15DVD.mpg,1,0,0,1,0,0,0
aggression16DVD.mpg,1,0,0,1,0,0,0
aggression17DVD.mpg,1,0,0,1,0,0,0
aggression18DVD.mpg,1,0,0,1,0,0,0
aggression19DVD.mpg,1,0,0,1,0,0,0
aggression20DVD.mpg,1,0,0,1,0,0,0
aggression21DVD.mpg,1,0,0,1,0,0,0
aggression22DVD.mpg,1,0,0,1,0,0,0
aggression23DVD.mpg,1,0,0,1,0,0,0
aggression24DVD.mpg,1,0,0,1,0,0,0
aggression25DVD.mpg,1,0,0,1,0,0,0
boundary_video_1.mp4,0,0,0,0,1,1,0
boundary_video_2.mp4,0,0,0,0,1,1,0
boundary_video_3.mp4,0,0,0,0,1,1,0
foraging01DVD.mpg,1,0,0,1,0,0,1
foraging01DVD_1.mp4,0,0,0,0,0,1,0
foraging01DVD_2.mp4,0,0,0,0,0,1,0
foraging02DVD.mpg,1,0,0,1,0,0,1
foraging03DVD.mpg,1,0,0,1,0,0,1
foraging04DVD.mpg,1,0,0,1,0,0,0
foraging05DVD.mpg,1,0,0,1,0,0,0
foraging06DVD.mpg,1,0,0,1,0,0,0
foraging07DVD.mpg,1,0,0,1,0,0,0
foraging08DVD.mpg,1,0,0,1,0,0,0
foraging09DVD.mpg,1,0,0,1,0,0,0
foraging10DVD.mpg,1,0,0,1,0,0,0
foraging11DVD.mpg,1,0,0,1,0,0,0
foraging12DVD.mpg,1,0,0,1,0,0,0
foraging13DVD.mpg,1,0,0,1,0,0,0
foraging14DVD.mpg,1,0,0,1,0,0,0
foraging15DVD.mpg,1,0,0,1,0,0,0
foraging16DVD.mpg,1,0,0,1,0,0,0
foraging17DVD.mpg,1,0,0,1,0,0,0
foraging18DVD.mpg,1,0,0,1,0,0,0
foraging19DVD.mpg,1,0,0,1,0,0,0
foraging20DVD.mpg,1,0,0,1,0,0,0
foraging21DVD.mpg,1,0,0,1,0,0,0
foraging22DVD.mpg,1,0,0,1,0,0,0
foraging23DVD.mpg,1,0,0,1,0,0,0
foraging24DVD.mpg,1,0,0,1,0,0,0
foraging25DVD.mpg,1,0,0,1,0,0,0
foraging26DVD.mpg,1,0,0,1,0,0,0
foraging27DVD.mpg,1,0,0,1,0,0,0
foraging28DVD.mpg,1,0,0,1,0,0,0
foraging29DVD.mpg,1,0,0,1,0,0,0
foraging30DVD.mpg,1,0,0,1,0,0,0
foraging31DVD.mpg,1,0,0,1,0,0,0
foraging32DVD.mpg,1,0,0,1,0,0,0
foraging33DVD.mpg,1,0,0,1,0,0,0
foraging34DVD.mpg,1,0,0,1,0,0,0
foraging35DVD.mpg,1,0,0,1,0,0,0
foraging36DVD.mpg,1,0,0,1,0,0,0
foraging37DVD.mpg,1,0,0,1,0,0,0
foraging38DVD.mpg,1,0,0,1,0,0,0
foraging39DVD.mpg,1,0,0,1,0,0,0
foraging40DVD.mpg,1,0,0,1,0,0,0
foraging41DVD.mpg,1,0,0,1,0,0,0
foraging42DVD.mpg,1,0,0,1,0,0,0
foraging43DVD.mpg,1,0,0,1,0,0,0
foraging44DVD.mpg,1,0,0,1,0,0,0
foraging45DVD.mpg,1,0,0,1,0,0,0
foraging46DVD.mpg,1,0,0,1,0,0,0
foraging47DVD.mpg,1,0,0,1,0,0,0
foraging48DVD.mpg,1,0,0,1,0,0,0
foraging49DVD.mpg,1,0,0,1,0,0,0
foraging50DVD.mpg,1,0,0,1,0,0,0
grooming01DVD.mpg,1,0,0,1,0,0,0
grooming01DVD_1.mp4,0,0,0,0,0,1,0
grooming01DVD_2.mp4,0,0,0,0,0,1,0
grooming02DVD.mpg,1,0,0,1,0,0,0
grooming03DVD.mpg,1,0,0,1,0,0,0
grooming04DVD.mpg,1,0,0,1,0,0,0
grooming05DVD.mpg,1,0,0,1,0,0,0
grooming06DVD.mpg,1,0,0,1,0,0,0
grooming07DVD.mpg,1,0,0,1,0,0,0
grooming08DVD.mpg,1,0,0,1,0,0,0
grooming09DVD.mpg,1,0,0,1,0,0,0
grooming10DVD.mpg,1,0,0,1,0,0,0
grooming11DVD.mpg,1,0,0,1,0,0,0
grooming12DVD.mpg,1,0,0,1,0,0,0
grooming13DVD.mpg,1,0,0,1,0,0,0
grooming14DVD.mpg,1,0,0,1,0,0,0
grooming15DVD.mpg,1,0,0,1,0,0,0
grooming16DVD.mpg,1,0,0,1,0,0,0
grooming17DVD.mpg,1,0,0,1,0,0,0
grooming18DVD.mpg,1,0,0,1,0,0,0
grooming19DVD.mpg,1,0,0,1,0,0,0
grooming20DVD.mpg,1,0,0,1,0,0,0
grooming21DVD.mpg,1,0,0,1,0,0,0
grooming22DVD.mpg,1,0,0,1,0,0,0
grooming23DVD.mpg,1,0,0,1,0,0,0
grooming24DVD.mpg,1,0,0,1,0,0,0
grooming25DVD.mpg,1,0,0,1,0,0,0
grooming26DVD.mpg,1,0,0,1,0,0,0
grooming27DVD.mpg,1,0,0,1,0,0,0
grooming28DVD.mpg,1,0,0,1,0,0,0
grooming29DVD.mpg,1,0,0,1,0,0,0
grooming30DVD.mpg,1,0,0,1,0,0,0
grooming31DVD.mpg,1,0,0,1,0,0,0
grooming32DVD.mpg,1,0,0,1,0,0,0
grooming33DVD.mpg,1,0,0,1,0,0,0
grooming34DVD.mpg,1,0,0,1,0,0,0
grooming35DVD.mpg,1,0,0,1,0,0,0
grooming36DVD.mpg,1,0,0,1,0,0,0
grooming37DVD.mpg,1,0,0,1,0,0,0
grooming38DVD.mpg,1,0,0,1,0,0,0
grooming39DVD.mpg,1,0,0,1,0,0,0
grooming40DVD.mpg,1,0,0,1,0,0,0
grooming41DVD.mpg,1,0,0,1,0,0,0
grooming42DVD.mpg,1,0,0,1,0,0,0
grooming43DVD.mpg,1,0,0,1,0,0,0
grooming44DVD.mpg,1,0,0,1,0,0,0
grooming45DVD.mpg,1,0,0,1,0,0,0
grooming46DVD.mpg,1,0,0,1,0,0,0
grooming47DVD.mpg,1,0,0,1,0,0,0
grooming48DVD.mpg,1,0,0,1,0,0,0
grooming49DVD.mpg,1,0,0,1,0,0,0
grooming50DVD.mpg,1,0,0,1,0,0,0
mounting01DVD.mpg,1,0,0,1,0,0,0
mounting02DVD.mpg,1,0,0,1,0,0,0
mounting03DVD.mpg,1,0,0,1,0,0,0
mounting04DVD.mpg,1,0,0,1,0,0,0
mounting05DVD.mpg,1,0,0,1,0,0,0
mounting06DVD.mpg,1,0,0,1,0,0,0
mounting07DVD.mpg,1,0,0,1,0,0,0
mounting08DVD.mpg,1,0,0,1,0,0,0
mounting09DVD.mpg,1,0,0,1,0,0,0
mounting10DVD.mpg,1,0,0,1,0,0,0
mounting11DVD.mpg,1,0,0,1,0,0,0
mounting12DVD.mpg,1,0,0,1,0,0,0
mounting13DVD.mpg,1,0,0,1,0,0,0
mounting14DVD.mpg,1,0,0,1,0,0,0
mounting15DVD.mpg,1,0,0,1,0,0,0
neutral_cam_directed01DVD.mpg,1,0,1,0,0,0,1
neutral_cam_directed01DVD_1.mp4,0,0,0,0,0,1,0
neutral_cam_directed01DVD_2.mp4,0,0,0,0,0,1,0
neutral_cam_directed02DVD.mpg,1,0,1,0,0,0,1
neutral_cam_directed03DVD.mpg,1,0,1,0,0,0,1
neutral_cam_directed04DVD.mpg,1,0,1,0,0,0,0
neutral_cam_directed05DVD.mpg,1,0,1,0,0,0,0
neutral_cam_directed06DVD.mpg,1,0,1,0,0,0,0
neutral_cam_directed07DVD.mpg,1,0,1,0,0,0,0
neutral_cam_directed08DVD.mpg,1,0,1,0,0,0,0
neutral_cam_directed09DVD.mpg,1,0,1,0,0,0,0
neutral_cam_directed10DVD.mpg,1,0,1,0,0,0,0
neutral_cam_directed11DVD.mpg,1,0,1,0,0,0,0
neutral_cam_directed12DVD.mpg,1,0,1,0,0,0,0
neutral_cam_directed13DVD.mpg,1,0,1,0,0,0,0
neutral_cam_directed14DVD.mpg,1,0,1,0,0,0,0
neutral_cam_directed15DVD.mpg,1,0,1,0,0,0,0
neutral_cam_directed16DVD.mpg,1,0,1,0,0,0,0
neutral_cam_directed17DVD.mpg,1,0,1,0,0,0,0
neutral_cam_directed18DVD.mpg,1,0,1,0,0,0,0
neutral_cam_directed19DVD.mpg,1,0,1,0,0,0,0
neutral_cam_directed20DVD.mpg,1,0,1,0,0,0,0
nonspecificSocial01DVD.mpg,1,0,0,1,0,0,0
nonspecificSocial02DVD.mpg,1,0,0,1,0,0,0
nonspecificSocial03DVD.mpg,1,0,0,1,0,0,0
nonspecificSocial04DVD.mpg,1,0,0,1,0,0,0
nonspecificSocial05DVD.mpg,1,0,0,1,0,0,0
nonspecificSocial06DVD.mpg,1,0,0,1,0,0,0
nonspecificSocial07DVD.mpg,1,0,0,1,0,0,0
nonspecificSocial08DVD.mpg,1,0,0,1,0,0,0
nonspecificSocial09DVD.mpg,1,0,0,1,0,0,0
nonspecificSocial10DVD.mpg,1,0,0,1,0,0,0
nonspecificSocial11DVD.mpg,1,0,0,1,0,0,0
nonspecificSocial12DVD.mpg,1,0,0,1,0,0,0
nonspecificSocial13DVD.mpg,1,0,0,1,0,0,0
nonspecificSocial14DVD.mpg,1,0,0,1,0,0,0
nonspecificSocial15DVD.mpg,1,0,0,1,0,0,0
nonspecificSocial16DVD.mpg,1,0,0,1,0,0,0
nonspecificSocial17DVD.mpg,1,0,0,1,0,0,0
nonspecificSocial18DVD.mpg,1,0,0,1,0,0,0
nonspecificSocial19DVD.mpg,1,0,0,1,0,0,0
nonspecificSocial20DVD.mpg,1,0,0,1,0,0,0
nonspecificSocial21DVD.mpg,1,0,0,1,0,0,0
nonspecificSocial22DVD.mpg,1,0,0,1,0,0,0
nonspecificSocial23DVD.mpg,1,0,0,1,0,0,0
nonspecificSocial24DVD.mpg,1,0,0,1,0,0,0
nonspecificSocial25DVD.mpg,1,0,0,1,0,0,0
nonspecificSocial26DVD.mpg,1,0,0,1,0,0,0
nonspecificSocial27DVD.mpg,1,0,0,1,0,0,0
nonspecificSocial28DVD.mpg,1,0,0,1,0,0,0
nonspecificSocial29DVD.mpg,1,0,0,1,0,0,0
nonspecificSocial30DVD.mpg,1,0,0,1,0,0,0
nonspecificSocial31DVD.mpg,1,0,0,1,0,0,0
nonspecificSocial32DVD.mpg,1,0,0,1,0,0,0
nonspecificSocial33DVD.mpg,1,0,0,1,0,0,0
nonspecificSocial34DVD.mpg,1,0,0,1,0,0,0
nonspecificSocial35DVD.mpg,1,0,0,1,0,0,0
nonspecificSocial36DVD.mpg,1,0,0,1,0,0,0
nonspecificSocial37DVD.mpg,1,0,0,1,0,0,0
nonspecificSocial38DVD.mpg,1,0,0,1,0,0,0
nonspecificSocial39DVD.mpg,1,0,0,1,0,0,0
nonspecificSocial40DVD.mpg,1,0,0,1,0,0,0
nonspecificSocial41DVD.mpg,1,0,0,1,0,0,0
nonspecificSocial42DVD.mpg,1,0,0,1,0,0,0
nonspecificSocial43DVD.mpg,1,0,0,1,0,0,0
nonspecificSocial44DVD.mpg,1,0,0,1,0,0,0
nonspecificSocial45DVD.mpg,1,0,0,1,0,0,0
nonspecificSocial46DVD.mpg,1,0,0,1,0,0,0
nonspecificSocial47DVD.mpg,1,0,0,1,0,0,0
nonspecificSocial48DVD.mpg,1,0,0,1,0,0,0
nonspecificSocial49DVD.mpg,1,0,0,1,0,0,0
nonspecificSocial50DVD.mpg,1,0,0,1,0,0,0
play01DVD.mpg,1,0,0,1,0,0,0
play02DVD.mpg,1,0,0,1,0,0,0
play03DVD.mpg,1,0,0,1,0,0,0
play04DVD.mpg,1,0,0,1,0,0,0
play05DVD.mpg,1,0,0,1,0,0,0
play06DVD.mpg,1,0,0,1,0,0,0
play07DVD.mpg,1,0,0,1,0,0,0
play08DVD.mpg,1,0,0,1,0,0,0
play09DVD.mpg,1,0,0,1,0,0,0
play10DVD.mpg,1,0,0,1,0,0,0
play11DVD.mpg,1,0,0,1,0,0,0
play12DVD.mpg,1,0,0,1,0,0,0
play13DVD.mpg,1,0,0,1,0,0,0
play14DVD.mpg,1,0,0,1,0,0,0
play15DVD.mpg,1,0,0,1,0,0,0
play16DVD.mpg,1,0,0,1,0,0,0
play17DVD.mpg,1,0,0,1,0,0,0
play18DVD.mpg,1,0,0,1,0,0,0
play19DVD.mpg,1,0,0,1,0,0,0
play20DVD.mpg,1,0,0,1,0,0,0
play21DVD.mpg,1,0,0,1,0,0,0
play22DVD.mpg,1,0,0,1,0,0,0
play23DVD.mpg,1,0,0,1,0,0,0
play24DVD.mpg,1,0,0,1,0,0,0
play25DVD.mpg,1,0,0,1,0,0,0
play26DVD.mpg,1,0,0,1,0,0,0
play27DVD.mpg,1,0,0,1,0,0,0
play28DVD.mpg,1,0,0,1,0,0,0
play29DVD.mpg,1,0,0,1,0,0,0
play30DVD.mpg,1,0,0,1,0,0,0
play31DVD.mpg,1,0,0,1,0,0,0
play32DVD.mpg,1,0,0,1,0,0,0
play33DVD.mpg,1,0,0,1,0,0,0
play34DVD.mpg,1,0,0,1,0,0,0
play35DVD.mpg,1,0,0,1,0,0,0
play36DVD.mpg,1,0,0,1,0,0,0
play37DVD.mpg,1,0,0,1,0,0,0
play38DVD.mpg,1,0,0,1,0,0,0
play39DVD.mpg,1,0,0,1,0,0,0
play40DVD.mpg,1,0,0,1,0,0,0
play41DVD.mpg,1,0,0,1,0,0,0
play42DVD.mpg,1,0,0,1,0,0,0
play43DVD.mpg,1,0,0,1,0,0,0
play44DVD.mpg,1,0,0,1,0,0,0
play45DVD.mpg,1,0,0,1,0,0,0
play46DVD.mpg,1,0,0,1,0,0,0
play47DVD.mpg,1,0,0,1,0,0,0
play48DVD.mpg,1,0,0,1,0,0,0
play49DVD.mpg,1,0,0,1,0,0,0
play50DVD.mpg,1,0,0,1,0,0,0
sub_cam_directed01DVD.mpg,1,0,1,0,0,0,0
sub_cam_directed01DVD_1.mp4,0,0,0,0,0,1,0
sub_cam_directed01DVD_2.mp4,0,0,0,0,0,1,0
sub_cam_directed02DVD.mpg,1,0,1,0,0,0,0
sub_cam_directed03DVD.mpg,1,0,1,0,0,0,0
sub_cam_directed04DVD.mpg,1,0,1,0,0,0,0
sub_cam_directed05DVD.mpg,1,0,1,0,0,0,0
sub_cam_directed06DVD.mpg,1,0,1,0,0,0,0
sub_cam_directed07DVD.mpg,1,0,1,0,0,0,0
sub_cam_directed08DVD.mpg,1,0,1,0,0,0,0
sub_cam_directed09DVD.mpg,1,0,1,0,0,0,0
sub_cam_directed10DVD.mpg,1,0,1,0,0,0,0
sub_cam_directed11DVD.mpg,1,0,1,0,0,0,0
sub_cam_directed12DVD.mpg,1,0,1,0,0,0,0
sub_cam_directed13DVD.mpg,1,0,1,0,0,0,0
sub_cam_directed14DVD.mpg,1,0,1,0,0,0,0
sub_cam_directed15DVD.mpg,1,0,1,0,0,0,0
sub_cam_directed16DVD.mpg,1,0,1,0,0,0,0
sub_cam_directed17DVD.mpg,1,0,1,0,0,0,0
sub_cam_directed18DVD.mpg,1,0,1,0,0,0,0
sub_cam_directed19DVD.mpg,1,0,1,0,0,0,0
sub_cam_directed20DVD.mpg,1,0,1,0,0,0,0
